Workbook

Sheet MODELO EQUÍL. E CARGA
B2: ETA BRASÍLIA
B3: ESTUDO DE OTIMIZAÇÃO DA COAGULAÇÃO COM UTILIZAÇÃO DA ANÁLISADOR DE CARGA SCV "EM LINHA" E EQUILÍBRIO QUÍMICO H20 COAGULADA/ PRÉ-TRATAMENTO
B4: LADOS PAR E ÍMPAR
B5: DATA: | E5: TURNO I:
E6: TURNO II:
B8: HORA | C8: Vazões H20 | G8: DOSAGENS | J8: FLOC. GRADIENTES (s-1) | M8: LABORATÓRIO ETA-BRUTA COMPOSTA/ FILTRADA | S8: FLOCULADOR / FLOTADOR PAR | AA8: FLOCULADOR / FLOTADOR ÍMPAR
B9: (hh:mm) | C9: TOR (L/s) | D9: SM (L/s) | E9: BNN (L/s) | F9: TOTAL (L/s) | G9: CAL PRÉ (S/N) | H9: PAC (mg/L) | I9: CARGA (CSV) | J9: 1ª Camara | K9: 2ª Camara | L9: 3ª Camara | M9: TEMP (°C) | N9: pH | O9: TURB (uT) | P9: COR (uC) | Q9: ALC. (mg/L) | R9: TURB. FILT. (uT) | S9: Nº FLOC. | T9: Nº FLOT. | U9: Pressão Sat. Média (bar) | V9: Vazão Rec. Média (L/s) | W9: pH | X9: ALC. (mg/L) | Y9: TURB PAPEL FILTRO | Z9: TURB. FLOT. CLP | AA9: Nº FLOC. | AB9: Nº FLOT. | AC9: Pressão Sat. Média (bar) | AD9: Vazão Rec. (L/s) | AE9: pH | AF9: ALC. (mg/L) | AG9: TURB PAPEL FILTRO | AH9: TURB. FLOT. CLP
B10: 0.3125
B11: 0.39583333
B12: 0.47916667
B13: 0.5625
B14: 0.64583333
B15: 0.72916667
B16: 0.8125
B17: 0.89583333
B18: 0.97916667
B19: 0.0625
B20: 0.14583333
B21: 0.22916667
B23: OBSERVAÇÕES:

Sheet MODELO EQUÍLIBRIO QUÍMICO
B2: ETA BRASÍLIA
B3: ESTUDO EQUILÍBRIO QUÍMICO H20 COAGULADA/ PRÉ-TRATAMENTO
B4: LADOS PAR E ÍMPAR
B5: DATA: | E5: TURNO I:
E6: TURNO II:
B8: HORA | C8: Vazões H20 | G8: DOSAGENS | I8: FLOC. GRADIENTES (s-1) | L8: LABORATÓRIO ETA-BRUTA COMPOSTA/ FILTRADA | R8: FLOCULADOR / FLOTADOR PAR - N° 6 | Z8: FLOCULADOR / FLOTADOR ÍMPAR - N° 5
C9: TOR (L/s) | D9: SM (L/s) | E9: BNN (L/s) | F9: TOTAL (L/s) | G9: CAL PRÉ (S/N) | H9: PAC (mg/L) | I9: 1ª Camara | J9: 2ª Camara | K9: 3ª Camara | L9: TEMP (°C) | M9: pH | N9: TURB (uT) | O9: COR (uC) | P9: ALC. (mg/L) | Q9: TURB. FILT. (uT) | R9: Nº FLOC. | S9: Nº FLOT. | T9: Pressão Sat. (bar) | U9: Vazão Rec. (L/s) | V9: pH | W9: ALC. (mg/L) | X9: TURB PAPEL FILTRO | Y9: TURB. FLOT. CLP | Z9: Nº FLOC. | AA9: Nº FLOT. | AB9: Pressão Sat. (bar) | AC9: Vazão Rec. (L/s) | AD9: pH | AE9: ALC. (mg/L) | AF9: TURB PAPEL FILTRO | AG9: TURB. FLOT. CLP
B10: 0.3125
B11: 0.39583333
B12: 0.47916667
B13: 0.5625
B14: 0.64583333
B15: 0.72916667
B16: 0.8125
B17: 0.89583333
B18: 0.97916667
B19: 0.0625
B20: 0.14583333
B21: 0.22916667
B23: OBSERVAÇÕES:

Sheet 21.04
B2: ETA BRASÍLIA | C2: VA
B3: ESTUDO EQUILÍBRIO QUÍMICO H20 COAGULADA
B4: LADOS PAR E ÍMAR
B5: DATA: | C5: 46136 | E5: TURNO I | F5: Andréa / Jamir
E6: TURNO II | F6: Maciel / Mathias
B8: HORA | C8: Vazões H20 | G8: DOSAGENS | I8: FLOCULAÇÃO GRADIENTES | L8: LABORATÓRIO ETA-BRUTA COMPOSTA | Q8: FLOCULADOR / FLOTADOR PAR - N° 6 | U8: FLOCULADOR / FLOTADOR ÍMPAR - N° 5
C9: TOR (l/s) | D9: SM (l/s) | E9: BNN (l/s) | F9: TOTAL (l/s) | G9: CAL (s/n) | H9: PAC (mg/l) | I9: 1ª Camara | J9: 2ª Camara | K9: 3ª Camara | L9: TEMP (°c) | M9: PH | N9: TURB | O9: COR | P9: ALC. (mg/l) | Q9: PH | R9: ALC. (mg/l) | S9: TURB PAPEL FILTRO | T9: TURB. FLOT. CLP | U9: PH | V9: ALC. (mg/l) | W9: TURB PAPEL FILTRO | X9: TURB. FLOT. CLP
B10: 0.3125 | C10: 1918 | D10: - | E10: 500 | F10: 1996 | G10: S | H10: 3.4 | I10: 90 | J10: 90 | K10: 90 | L10: 23.3 | M10: 6.8 | N10: 3.84 | O10: 16 | P10: 7.1 | Q10: 6.8 | R10: 8.1 | S10: 0.14 | T10: 0.86 | U10: 6.9 | V10: 7.4 | W10: 0.14 | X10: 0.87
B11: 0.39583333 | C11: 590 | D11: - | E11: 525 | F11: 1300 | G11: S | H11: 3.4 | I11: 90 | J11: 90 | K11: 90 | L11: 23.6 | M11: 6.8 | N11: 3.59 | O11: 14 | P11: 7.2 | Q11: 6.9 | R11: 8 | S11: 0.19 | T11: 1.23 | U11: 6.9 | V11: 6.8 | W11: 0.2 | X11: 1.62
B12: 0.47916667 | C12: 590 | D12: - | E12: 525 | F12: 1291 | G12: S | H12: 3.4 | I12: 90 | J12: 90 | K12: 90 | L12: 24.3 | M12: 6.7 | N12: 4.15 | O12: 17 | P12: 7.4 | Q12: 6.9 | R12: 8.2 | S12: 0.16 | T12: 1.52 | U12: 6.8 | V12: 7.4 | W12: 0.18 | X12: 2.2
B13: 0.5625 | C13: 590 | D13: - | E13: 525 | F13: 12190 | G13: S | H13: 3.4 | I13: 90 | J13: 90 | K13: 90 | L13: 24.8 | M13: 6.8 | N13: 4.68 | O13: 19 | P13: 7.9 | Q13: 6.9 | R13: 9.4 | S13: 0.14 | T13: 1.64 | U13: 6.9 | V13: 8.1 | W13: 0.18 | X13: 1.51
B14: 0.64583333 | C14: 1240 | D14: - | E14: 500 | F14: 1980 | G14: S | H14: 3.4 | I14: 90 | J14: 90 | K14: 90 | L14: 25.4 | M14: 6.8 | N14: 4.08 | O14: 14 | P14: 6.9 | Q14: 6.8 | R14: 6.7 | S14: 0.23 | T14: 1.33 | U14: 6.7 | V14: 7.3 | W14: 0.25 | X14: 1.56
B15: 0.72916667 | C15: 1201 | D15: - | E15: 499.2 | F15: 1906 | G15: S | H15: 3.4 | I15: 90 | J15: 90 | K15: 90 | L15: 25 | M15: 6.7 | N15: 4.4 | O15: 16 | P15: 5.7 | Q15: 6.7 | R15: 6 | S15: 0.16 | T15: 1.23 | U15: 6.7 | V15: 5.5 | W15: 0.21 | X15: 1.68
B16: 0.8125 | C16: 1112 | D16: 86 | E16: 500 | F16: 1828 | G16: S | H16: 3.4 | I16: 90 | J16: 90 | K16: 90 | L16: 24.7 | M16: 6.8 | N16: 4.38 | O16: 15 | P16: 9.3 | Q16: 6.8 | R16: 8.1 | S16: 0.24 | T16: 1.11 | U16: 6.8 | V16: 9.8 | W16: 0.29 | X16: 1.91
B17: 0.89583333 | C17: 1232 | D17: 87 | E17: 500 | F17: 1845 | G17: S | H17: 3.4 | I17: 90 | J17: 90 | K17: 90 | L17: 24.5 | M17: 6.8 | N17: 4.21 | O17: 13 | P17: 8.6 | Q17: 6.8 | R17: 8.5 | S17: 0.2 | T17: 0.88 | U17: 6.8 | V17: 8.7 | W17: 0.25 | X17: 1.09
B18: 0.97916667 | C18: 1208 | D18: 85 | E18: 500 | F18: 1834 | G18: S | H18: 3.4 | I18: 90 | J18: 90 | K18: 90 | L18: 24.2 | M18: 6.7 | N18: 3.84 | O18: 15 | P18: 8.8 | Q18: 6.8 | R18: 7.3 | S18: 0.21 | T18: 0.85 | U18: 6.8 | V18: 6.9 | W18: 0.17 | X18: 0.78
B19: 0.0625 | C19: 1207 | D19: 88 | E19: 500 | F19: 1915 | G19: S | H19: 3.4 | I19: 90 | J19: 90 | K19: 90 | L19: 24.1 | M19: 6.8 | N19: 4.02 | O19: 17 | P19: 9.4 | Q19: 6.8 | R19: 9.1 | S19: 0.16 | T19: 1.14 | U19: 6.7 | V19: 7.1 | W19: 0.17 | X19: 1.2
B20: 0.14583333 | C20: 1229 | D20: 88 | E20: 500 | F20: 1824 | G20: S | H20: 3.4 | I20: 90 | J20: 90 | K20: 90 | L20: 23.9 | M20: 6.8 | N20: 3.98 | O20: 18 | P20: 9 | Q20: 6.8 | R20: 9.2 | S20: 0.18 | T20: 0.97 | U20: 6.7 | V20: 8.7 | W20: 0.21 | X20: 1.14
B21: 0.22916667 | C21: 1104 | D21: 81 | E21: 499 | F21: 1919 | G21: S | H21: 3.4 | I21: 90 | J21: 90 | K21: 90 | L21: 23.4 | M21: 6.8 | N21: 4.88 | O21: 18 | P21: 8.9 | Q21: 6.8 | R21: 9.4 | S21: 0.15 | T21: 0.86 | U21: 6.8 | V21: 7.8 | W21: 0.21 | X21: 1.01
B23: OBSERVAÇÕES:

Sheet 20.04
B2: ETA BRASÍLIA | C2: VA
B3: ESTUDO EQUILÍBRIO QUÍMICO H20 COAGULADA
B4: LADOS PAR E ÍMAR
B5: DATA: | C5: 46132 | E5: TURNO I | F5: Andréa / Pierry
E6: TURNO II | F6: Leandro / Cláudio
B8: HORA | C8: Vazões H20 | G8: DOSAGENS | I8: FLOCULAÇÃO GRADIENTES | L8: LABORATÓRIO ETA-BRUTA COMPOSTA | Q8: FLOCULADOR / FLOTADOR PAR - N° 6 | U8: FLOCULADOR / FLOTADOR ÍMPAR - N° 5
C9: TOR (l/s) | D9: SM (l/s) | E9: BNN (l/s) | F9: TOTAL (l/s) | G9: CAL (s/n) | H9: PAC (mg/l) | I9: 1ª Camara | J9: 2ª Camara | K9: 3ª Camara | L9: TEMP (°c) | M9: PH | N9: TURB | O9: COR | P9: ALC. (mg/l) | Q9: PH | R9: ALC. (mg/l) | S9: TURB PAPEL FILTRO | T9: TURB. FLOT. CLP | U9: PH | V9: ALC. (mg/l) | W9: TURB PAPEL FILTRO | X9: TURB. FLOT. CLP
B10: 0.3125 | C10: 1080 | D10: - | E10: 500.2 | F10: 1877 | G10: S | H10: 3.6 | I10: 90 | J10: 90 | K10: 90 | L10: 23.3 | M10: 6.8 | N10: 3.71 | O10: 15 | P10: 6.5 | Q10: 6.8 | R10: 6.5 | S10: 0.12 | T10: 0.76 | U10: 6.6 | V10: 6.8 | W10: 0.14 | X10: 1.05
B11: 0.39583333 | C11: 1191.3 | D11: - | E11: 500.7 | F11: 1878 | G11: S | H11: 3.2 | I11: 90 | J11: 90 | K11: 90 | L11: 23.6 | M11: 6.8 | N11: 4.58 | O11: 21 | P11: 6.2 | Q11: 6.7 | R11: 8.1 | S11: 0.17 | T11: 0.86 | U11: 6.7 | V11: 7.3 | W11: 0.25 | X11: 1.21
B12: 0.47916667 | C12: 1191 | D12: - | E12: 500 | F12: 1889 | H12: 3.2 | I12: 90 | J12: 90 | K12: 90 | L12: 24.2 | M12: 6.7 | N12: 4.37 | O12: 16 | P12: 6.2 | Q12: 6.7 | R12: 5.4 | S12: 0.15 | T12: 1.1 | U12: 6.7 | V12: 6.1 | W12: 0.19 | X12: 1.18
B13: 0.5625 | C13: 1236.4 | D13: - | E13: 499.4 | F13: 1881 | G13: S | H13: 3.4 | I13: 90 | J13: 90 | K13: 90 | L13: 24.7 | M13: 6.8 | N13: 4.61 | O13: 16 | P13: 6.4 | Q13: 6.8 | R13: 7.3 | S13: 0.32 | T13: 1.38 | U13: 6.7 | V13: 6.8 | W13: 0.23 | X13: 2.48
B14: 0.64583333 | C14: 1768 | D14: - | E14: 499.9 | F14: 2364 | G14: S | H14: 3.4 | I14: 90 | J14: 90 | K14: 90 | L14: 25.2 | M14: 6.7 | N14: 3.95 | O14: 19 | P14: 6.6 | Q14: 6.7 | R14: 6.5 | S14: 0.25 | T14: 0.97 | U14: 6.7 | V14: 7.3 | W14: 0.34 | X14: 1.39
B15: 0.72916667 | C15: 1602 | D15: - | E15: 500 | F15: 2370 | G15: S | H15: 3.4 | I15: 90 | J15: 90 | K15: 90 | L15: 25.1 | M15: 6.7 | N15: 3.54 | O15: 18 | P15: 6.2 | Q15: 6.8 | R15: 7 | S15: 0.2 | T15: 0.94 | U15: 6.7 | V15: 6.9 | W15: 0.2 | X15: 1.36
B16: 0.8125 | C16: 1540 | D16: 70 | E16: 500 | F16: 2375 | G16: S | H16: 3.4 | I16: 90 | J16: 90 | K16: 90 | L16: 25.1 | M16: 6 | N16: ,,49 | O16: 16 | P16: 8.4 | Q16: 6.8 | R16: 9.3 | S16: 0.18 | T16: 0.92 | U16: 6.9 | V16: 8.7 | W16: 0.17 | X16: 1.23
B17: 0.89583333 | C17: 1600 | D17: 80 | E17: 500 | F17: 2364 | G17: S | H17: 3.11 | I17: 90 | J17: 90 | K17: 90 | L17: 24.9 | M17: 6.8 | N17: 3.58 | O17: 15 | P17: 10.6 | Q17: 6.8 | R17: 8.4 | S17: 0.31 | T17: 0.96 | U17: 6.8 | V17: 9.6 | W17: 0.2 | X17: 1.16
B18: 0.97916667 | C18: - | D18: - | E18: - | F18: - | G18: - | H18: - | I18: - | J18: - | K18: - | L18: - | M18: - | N18: - | O18: - | P18: - | Q18: - | R18: - | S18: - | T18: - | U18: - | V18: - | W18: - | X18: -
B19: 0.0625 | C19: 1150 | D19: 90 | E19: 500 | F19: 1822 | G19: S | H19: 3.4 | I19: 90 | J19: 90 | K19: 90 | L19: 24.5 | M19: 6.8 | N19: 3.61 | O19: 14 | P19: 7.3 | Q19: 6.9 | R19: 9.9 | S19: 0.17 | T19: 1.18 | U19: 6.9 | V19: 9 | W19: 0.16 | X19: 1.1
B20: 0.14583333 | C20: 1167 | D20: - | E20: 500 | F20: 1833 | G20: S | H20: 3.4 | I20: 90 | J20: 90 | K20: 90 | L20: 23.6 | M20: 6.8 | N20: 3.87 | O20: 16 | P20: 10.5 | Q20: 7 | R20: 10.7 | S20: 0.21 | T20: 0.83 | U20: 7 | V20: 10.6 | W20: 0.19 | X20: 0.83
B21: 0.22916667 | C21: 1156 | D21: - | E21: 500 | F21: 1830 | G21: S | H21: 3.4 | I21: 90 | J21: 90 | K21: 90 | L21: 23.3 | M21: 6.8 | N21: 3.76 | O21: 15 | P21: 9.9 | Q21: 6.9 | R21: 11.4 | S21: 0.21 | T21: 0.91 | U21: 7 | V21: 12.6 | W21: 0.29 | X21: 1.13
B23: OBSERVAÇÕES:

Sheet 19.04
B2: ETA BRASÍLIA | C2: VA
B3: ESTUDO EQUILÍBRIO QUÍMICO H20 COAGULADA
B4: LADOS PAR E ÍMAR
B5: DATA: | C5: 46131 | E5: TURNO I | F5: Cláudio Py / Leandro
E6: TURNO II | F6: Maciel / Mathias
B8: HORA | C8: Vazões H20 | G8: DOSAGENS | I8: FLOCULAÇÃO GRADIENTES | L8: LABORATÓRIO ETA-BRUTA COMPOSTA | Q8: FLOCULADOR / FLOTADOR PAR - N° 6 | U8: FLOCULADOR / FLOTADOR ÍMPAR - N° 5
C9: TOR (l/s) | D9: SM (l/s) | E9: BNN (l/s) | F9: TOTAL (l/s) | G9: CAL (s/n) | H9: PAC (mg/l) | I9: 1ª Camara | J9: 2ª Camara | K9: 3ª Camara | L9: TEMP (°c) | M9: PH | N9: TURB | O9: COR | P9: ALC. (mg/l) | Q9: PH | R9: ALC. (mg/l) | S9: TURB PAPEL FILTRO | T9: TURB. FLOT. CLP | U9: PH | V9: ALC. (mg/l) | W9: TURB PAPEL FILTRO | X9: TURB. FLOT. CLP
B10: 0.3125 | C10: 560 | D10: 87 | E10: 525 | F10: 1210 | G10: S | H10: 3.6 | I10: 1435 | J10: 1435 | K10: 1435 | L10: 23.6 | M10: 6.8 | N10: 4.27 | O10: 20 | P10: 9.2 | Q10: 6.9 | R10: 10.8 | S10: 0.18 | T10: 0.83 | U10: 6.9 | V10: 10.2 | W10: 0.13 | X10: 0.99
B11: 0.39583333 | C11: 530 | D11: 82 | E11: 528 | F11: 1166 | G11: S | H11: 3.6 | I11: 1435 | J11: 1435 | K11: 1435 | L11: 23.8 | M11: 6.8 | N11: 4.76 | O11: 17 | P11: 14.1 | Q11: 7 | R11: 15 | S11: 0.15 | T11: 0.77 | U11: 7 | V11: 10.5 | W11: 0.13 | X11: 0.84
B12: 0.47916667 | C12: 551 | D12: 82 | E12: 528 | F12: 1164 | G12: S | H12: 3.6 | I12: 1435 | J12: 1435 | K12: 1435 | L12: 24.2 | M12: 6.8 | N12: 3.85 | O12: 15 | P12: 12.2 | Q12: 6.9 | R12: 15 | S12: 0.18 | T12: 0.72 | U12: 6.9 | V12: 13.2 | W12: 0.19 | X12: 0.75
B13: 0.5625
B14: 0.64583333 | C14: 542 | D14: 89 | E14: 528 | F14: 1249 | G14: S | H14: 3.6 | I14: 1435 | J14: 1435 | K14: 1435 | L14: 26.1 | M14: 6.9 | N14: 4.41 | O14: 16 | P14: 9.8 | Q14: 6.9 | R14: 10.3 | S14: 0.36 | T14: 0.7 | U14: 7 | V14: 10.4 | W14: 0.34 | X14: 0.68
B15: 0.72916667 | C15: 1270 | D15: 82 | E15: 500 | F15: 1818 | G15: S | H15: 3.6 | I15: 1435 | J15: 1435 | L15: 25.5 | M15: 6.8 | N15: 4.2 | O15: 17 | P15: 4.7 | Q15: 6.7 | R15: 6.9 | S15: 0.28 | T15: 0.75 | U15: 6.7 | V15: 7.8 | W15: 0.15 | X15: 0.76
B16: 0.8125 | C16: 1234 | D16: 82 | E16: 500 | F16: 1814 | G16: S | H16: 3.6 | I16: 1435 | J16: 1435 | K16: 1435 | L16: 14.9 | M16: 6.7 | N16: 4.07 | O16: 16 | P16: 8 | Q16: 7.1 | R16: 6.8 | S16: 0.17 | T16: 0.66 | U16: 6.7 | V16: 7.5 | W16: 0.24 | X16: 0.75
B17: 0.89583333 | C17: 1159 | D17: 90 | E17: 498 | F17: 1821 | G17: S | H17: 3.6 | I17: 1435 | J17: 1435 | K17: 1435 | L17: 24.6 | M17: 6.8 | N17: 5.7 | O17: 19 | P17: 8.4 | Q17: 6.8 | R17: 8.1 | S17: 0.3 | T17: 0.65 | U17: 6.7 | V17: 7.9 | W17: 0.15 | X17: 1.27
B18: 0.97916667 | C18: 1148 | D18: 80 | E18: 500 | F18: 1826 | G18: S | H18: 3.6 | I18: 1435 | J18: 1435 | K18: 1435 | L18: 24 | M18: 6.8 | N18: 3.68 | O18: 15 | P18: 9.4 | Q18: 6.7 | R18: 8.8 | S18: 0.14 | T18: 0.6 | U18: 6.6 | V18: 8.3 | W18: 0.19 | X18: 0.75
B19: 0.0625 | C19: 1146 | D19: 88 | E19: 500 | F19: 1814 | G19: S | H19: 3.6 | I19: 1435 | J19: 1435 | K19: 1435 | L19: 24.1 | M19: 6.7 | N19: 4.57 | O19: 17 | P19: 7.2 | Q19: 6.7 | R19: 7.7 | S19: 0.22 | T19: 0.65 | U19: 6.6 | V19: 7.5 | W19: 0.21 | X19: 0.79
B20: 0.14583333 | C20: 1089 | D20: 87 | E20: 500 | F20: 1830 | G20: S | H20: 3.6 | I20: 1435 | J20: 1435 | K20: 1435 | L20: 24 | M20: 6.7 | N20: 6.79 | O20: 15 | P20: 9.2 | Q20: 6.7 | R20: 9.5 | S20: 0.18 | T20: 0.79 | U20: 6.6 | V20: 9.6 | W20: 0.21 | X20: 1
B21: 0.22916667 | C21: 1215 | D21: 86 | E21: 499 | F21: 1809 | G21: S | H21: 3.6 | I21: 1435 | J21: 1435 | K21: 1435 | L21: 23.5 | M21: 6.6 | N21: 3.65 | O21: 17 | P21: 8.1 | Q21: 6.7 | R21: 7.5 | S21: 0.15 | T21: 0.72 | U21: 6.7 | V21: 7.9 | W21: 0.19 | X21: 1.21
B23: OBSERVAÇÕES:

Sheet 18.04
B2: ETA BRASÍLIA | C2: VA
B3: ESTUDO EQUILÍBRIO QUÍMICO H20 COAGULADA
B4: LADOS PAR E ÍMAR
B5: DATA: | C5: 46130 | E5: TURNO I
E6: TURNO II
B7: MACIEL/MATHIAS
B8: HORA | C8: Vazões H20 | G8: DOSAGENS | I8: FLOCULAÇÃO GRADIENTES | L8: LABORATÓRIO ETA-BRUTA COMPOSTA | Q8: FLOCULADOR / FLOTADOR PAR - N° 6 | U8: FLOCULADOR / FLOTADOR ÍMPAR - N° 5
C9: TOR (l/s) | D9: SM (l/s) | E9: BNN (l/s) | F9: TOTAL (l/s) | G9: CAL (s/n) | H9: PAC (mg/l) | I9: 1ª Camara | J9: 2ª Camara | K9: 3ª Camara | L9: TEMP (°c) | M9: PH | N9: TURB | O9: COR | P9: ALC. (mg/l) | Q9: PH | R9: ALC. (mg/l) | S9: TURB PAPEL FILTRO | T9: TURB. FLOT. CLP | U9: PH | V9: ALC. (mg/l) | W9: TURB PAPEL FILTRO | X9: TURB. FLOT. CLP
B10: 0.3125 | C10: 1192 | D10: 80 | E10: 499 | F10: 1814 | G10: S | H10: 3.6 | I10: 1435 | J10: 1435 | K10: 1435 | L10: 23.3 | M10: 6.7 | N10: 4.06 | O10: 10 | P10: 8 | Q10: 6.7 | R10: 8.4 | S10: 0.17 | T10: 3.97 | U10: 6.6 | V10: 8.5 | W10: 0.17 | X10: 4.03
B11: 0.39583333 | C11: 1160 | D11: 81 | E11: 500 | F11: 1863 | G11: S | H11: 3.6 | I11: 1435 | J11: 1435 | K11: 1435 | L11: 23.3 | M11: 6.7 | N11: 4.1 | O11: 18 | P11: 9.2 | Q11: 6.7 | R11: 9.3 | S11: 0.11 | T11: 4.14 | U11: 6.7 | V11: 8.7 | W11: 0.15 | X11: 3.83
B12: 0.47916667 | C12: 1197 | D12: 82 | E12: 499 | F12: 1749 | G12: S | H12: 3.6 | I12: 1435 | J12: 1435 | K12: 1435 | L12: 24.3 | M12: 6.7 | N12: 4.66 | O12: 18 | P12: 8.2 | Q12: 6.7 | R12: 8.6 | S12: 0.25 | T12: 5.46 | U12: 6.6 | V12: 8.8 | W12: 0.36 | X12: 5.8
B13: 0.5625 | C13: * | D13: - | E13: - | F13: - | G13: - | H13: - | I13: - | J13: - | K13: - | L13: - | M13: - | N13: - | O13: - | P13: - | Q13: - | R13: - | S13: - | T13: - | U13: - | V13: - | W13: - | X13: -
B14: 0.64583333 | C14: 1060 | D14: 85 | E14: 499 | F14: 1743 | G14: S | H14: 3.6 | I14: 1435 | J14: 1435 | K14: 1435 | L14: 25 | M14: 6.7 | N14: 4.1 | O14: 16 | P14: 7.2 | Q14: 6.7 | R14: 6.7 | S14: 0.13 | T14: 4.13 | U14: 6.7 | V14: 7.1 | W14: 0.15 | X14: 3.98
B15: 0.72916667 | C15: 1173 | D15: 81 | E15: 500 | F15: 1781 | G15: S | H15: 3.6 | I15: 1435 | J15: 1435 | K15: 1435 | L15: 25 | M15: 6.7 | N15: 4.05 | O15: 15 | P15: 7.5 | Q15: 6.8 | R15: 6.9 | S15: 0.13 | T15: 4.17 | U15: 6.7 | V15: 7.2 | W15: 0.17 | X15: 4.05
B16: 0.8125 | C16: 1191 | D16: 81 | E16: 500 | F16: 1895 | G16: S | H16: 3.6 | I16: 1435 | J16: 1435 | K16: 1435 | L16: 25.1 | M16: 6.7 | N16: 3.99 | O16: 17 | P16: 9.2 | Q16: 6.7 | R16: 12 | S16: 0.12 | T16: 4.77 | U16: 6.8 | V16: 10 | W16: 0.1 | X16: 6.87
B17: 0.89583333 | C17: 1099 | D17: 81 | E17: 498 | F17: 1903 | G17: S | H17: 3.6 | I17: 1435 | J17: 1435 | K17: 1435 | L17: 24.7 | M17: 6.7 | N17: 4.46 | O17: 17 | P17: 7 | Q17: 6.8 | R17: 6.9 | S17: 0.17 | T17: 1.74 | U17: 6.8 | V17: 6.7 | W17: 0.18 | X17: 1.44
B18: 0.97916667 | C18: 1172 | D18: 88 | E18: 500 | F18: 1892 | G18: S | H18: 3.6 | I18: 1435 | J18: 1435 | K18: 1435 | L18: 24.3 | M18: 6.8 | N18: 4.39 | O18: 16 | P18: 7.1 | Q18: 6.7 | R18: 6.9 | S18: 0.15 | T18: 1.02 | U18: 6.7 | V18: 6.8 | W18: 0.14 | X18: 1.07
B19: 0.0625 | C19: 548 | D19: 85 | E19: 527 | F19: 1214 | G19: S | H19: 3.6 | I19: 1435 | J19: 1435 | K19: 1435 | L19: 23.8 | M19: 6.9 | N19: 3.96 | O19: 16 | P19: 9.9 | Q19: 6.9 | R19: 10.2 | S19: 0.17 | T19: 0.82 | U19: 6.9 | V19: 11 | W19: 0.18 | X19: 0.92
B20: 0.14583333 | C20: 544 | D20: 86 | E20: 528 | F20: 1215 | G20: S | H20: 3.6 | I20: 1435 | J20: 1435 | K20: 1435 | L20: 23.8 | M20: 6.8 | N20: 4.11 | O20: 16 | P20: 13.3 | Q20: 6.9 | R20: 11.8 | S20: 0.13 | T20: 0.84 | U20: 6.9 | V20: 15.4 | W20: 0.17 | X20: 0.89
B21: 0.22916667 | C21: 532 | D21: 82 | E21: 527 | F21: 1269 | G21: S | H21: 3.6 | I21: 1435 | J21: 1435 | K21: 1435 | L21: 23.8 | M21: 6.8 | N21: 4.33 | O21: 16 | P21: 6.1 | Q21: 6.9 | R21: 8.1 | S21: 0.26 | T21: 0.66 | U21: 7 | V21: 8.4 | W21: 0.16 | X21: 1.68
B23: OBSERVAÇÕES: | D23: *Intrajoranda

Sheet 17.04
B2: ETA BRASÍLIA | C2: VA
B3: ESTUDO EQUILÍBRIO QUÍMICO H20 COAGULADA
B4: LADOS PAR E ÍMAR
B5: DATA: | C5: 46129 | E5: TURNO I
E6: TURNO II
B8: HORA | C8: Vazões H20 | G8: DOSAGENS | I8: FLOCULAÇÃO GRADIENTES | L8: LABORATÓRIO ETA-BRUTA COMPOSTA | Q8: FLOCULADOR / FLOTADOR PAR - N° 6 | U8: FLOCULADOR / FLOTADOR ÍMPAR - N° 5
C9: TOR (l/s) | D9: SM (l/s) | E9: BNN (l/s) | F9: TOTAL (l/s) | G9: CAL (s/n) | H9: PAC (mg/l) | I9: 1ª Camara | J9: 2ª Camara | K9: 3ª Camara | L9: TEMP (°c) | M9: PH | N9: TURB | O9: COR | P9: ALC. (mg/l) | Q9: PH | R9: ALC. (mg/l) | S9: TURB PAPEL FILTRO | T9: TURB. FLOT. CLP | U9: PH | V9: ALC. (mg/l) | W9: TURB PAPEL FILTRO | X9: TURB. FLOT. CLP
B10: 0.3125 | C10: 1746 | D10: -
B11: 0.39583333 | C11: 1746 | D11: - | E11: 500 | F11: 2256 | G11: S | H11: 4.6 | I11: 1435 | J11: 1435 | K11: 1435 | L11: 24.7 | M11: 6.7 | N11: 5.21 | O11: 16 | P11: 6.2 | Q11: 6.7 | R11: 5.6 | S11: 0.29 | T11: 2.24 | U11: 6.8 | V11: 6 | W11: 0.28 | X11: 1.37
B12: 0.47916667 | C12: 1528 | D12: - | E12: 499 | F12: 2257 | G12: S | H12: 4.6 | I12: 1435 | J12: 1435 | K12: 1435 | L12: 23.8 | M12: 6.7 | N12: 4.49 | O12: 16 | P12: 6.4 | Q12: 6.8 | R12: 6.4 | S12: 0.29 | T12: 1.95 | U12: 6.7 | V12: 6.6 | W12: 0.21 | X12: 1.25
B13: 0.5625 | C13: 1621 | D13: - | E13: 501 | F13: 2243 | G13: S | H13: 4.6 | I13: 1435 | J13: 1435 | K13: 1435 | L13: 24.1 | M13: 6.7 | N13: 4.29 | O13: 16 | P13: 6.6 | Q13: 6.8 | R13: 6.2 | S13: 0.37 | T13: 1.94 | U13: 6.7 | V13: 6.1 | W13: 0.21 | X13: 1.09
B14: 0.64583333 | C14: 1510 | D14: - | E14: 499 | F14: 2220 | G14: S | H14: 4 | I14: 1435 | J14: 1435 | K14: 1435 | L14: 24.6 | M14: 6.7 | N14: 3.97 | O14: 15 | P14: 6 | Q14: 6.8 | R14: 5.9 | S14: 0.26 | T14: 1.59 | U14: 6.8 | V14: 6 | W14: 0.12 | X14: 0.95
B15: 0.72916667 | C15: 1770 | D15: - | E15: 500 | F15: 2330 | G15: S | H15: 4 | I15: 1435 | J15: 1435 | K15: 1435 | L15: 25 | M15: 6.7 | N15: 4.54 | O15: 15 | P15: 5.9 | Q15: 6.8 | R15: 6.1 | S15: 0.49 | T15: 0.74 | U15: 6.7 | V15: 5.8 | W15: 0.19 | X15: 1.83
B16: 0.8125 | C16: 1140 | D16: - | E16: 500 | F16: 1884 | G16: S | H16: 4 | I16: 1435 | J16: 1435 | K16: 1435 | L16: 24.7 | M16: 6.7 | N16: 4.45 | O16: 16 | P16: 5.1 | Q16: 6.6 | R16: 5.4 | S16: 0.12 | T16: 0.44 | U16: 6.7 | V16: 5.3 | W16: 0.15 | X16: 1.8
B17: 0.89583333 | C17: 1114 | D17: - | E17: 500 | F17: 1887 | G17: S | H17: 4 | I17: 1435 | J17: 1435 | K17: 1435 | L17: 24.5 | M17: 6.7 | N17: 4.31 | O17: 22 | P17: 6.6 | Q17: 6.8 | R17: 6.5 | S17: 0.19 | T17: 0.45 | U17: 6.7 | V17: 6.3 | W17: 0.13 | X17: 1.99
B18: 0.97916667 | C18: 1083 | D18: - | E18: 500 | F18: 1888 | G18: S | H18: 4 | I18: 1435 | J18: 1435 | K18: 1435 | L18: 24 | M18: 6.7 | N18: 4.34 | O18: 22 | P18: 6.5 | Q18: 6.8 | R18: 9 | S18: 0.12 | T18: 0.48 | U18: 6.7 | V18: 7.5 | W18: 0.2 | X18: 1.02
B19: 0.0625 | C19: 1123 | D19: - | E19: 500 | F19: 1887 | G19: S | H19: 4 | I19: 1435 | J19: 1435 | K19: 1435 | L19: 24 | M19: 6.7 | N19: 4.83 | O19: 20 | P19: 6.6 | Q19: 6.8 | R19: 7.7 | S19: 0.09 | T19: 0.49 | U19: 6.7 | V19: 9.7 | W19: 0.08 | X19: 1.54
B20: 0.14583333 | C20: 1088 | D20: - | E20: 498.7 | F20: 1889 | G20: S | H20: 4 | I20: 1435 | J20: 1435 | K20: 1435 | L20: 23.8 | M20: 6.7 | N20: 4.6 | O20: 10 | P20: 6.2 | Q20: 6.8 | R20: 5.7 | S20: 0.09 | T20: 0.5 | U20: 6.7 | V20: 7.1 | W20: 0.07 | X20: 0.78
B21: 0.22916667 | C21: 1200 | D21: - | E21: 499.3 | F21: 1889 | G21: S | H21: 3.6 | I21: 1435 | J21: 1435 | K21: 1435 | L21: 23.2 | M21: 6.7 | N21: 4.02 | O21: 8 | P21: 6.2 | Q21: 6.7 | R21: 5.9 | S21: 0.15 | T21: 0.52 | U21: 6.7 | V21: 6.6 | W21: 0.15 | X21: 0.82
B23: OBSERVAÇÕES:

Sheet 16.04
B2: ETA BRASÍLIA | C2: VA
B3: ESTUDO EQUILÍBRIO QUÍMICO H20 COAGULADA
B4: LADOS PAR E ÍMAR
B5: DATA: | C5: 46128 | E5: TURNO I
E6: TURNO II
B8: HORA | C8: Vazões H20 | G8: DOSAGENS | I8: FLOCULAÇÃO GRADIENTES | L8: LABORATÓRIO ETA-BRUTA COMPOSTA | Q8: FLOCULADOR / FLOTADOR PAR - N° 4 | U8: FLOCULADOR / FLOTADOR ÍMPAR - N° 3
C9: TOR (l/s) | D9: SM (l/s) | E9: BNN (l/s) | F9: TOTAL (l/s) | G9: CAL (s/n) | H9: PAC (mg/l) | I9: 1ª Camara | J9: 2ª Camara | K9: 3ª Camara | L9: TEMP (°c) | M9: PH | N9: TURB | O9: COR | P9: ALC. (mg/l) | Q9: PH | R9: ALC. (mg/l) | S9: TURB PAPEL FILTRO | T9: TURB. FLOT. CLP | U9: PH | V9: ALC. (mg/l) | W9: TURB PAPEL FILTRO | X9: TURB. FLOT. CLP
B10: 0.35416667 | G10: S
B11: 0.39583333 | C11: 1180 | D11: 80 | E11: 500 | F11: 1874 | G11: S | H11: 4.7 | L11: 23.8 | M11: 6.8 | N11: 4.48 | O11: 20 | P11: 6.4 | Q11: 6.9 | R11: 7.3 | S11: 0.12 | U11: 6.8 | V11: 7.8 | W11: 0.2
B12: 0.4375 | C12: 1154 | D12: 84 | E12: 500 | F12: 1871 | G12: S | H12: 4.6 | L12: 23.8 | M12: 6.7 | N12: 4.94 | O12: 16 | P12: 8.9 | Q12: 6.7 | R12: 8.1 | S12: 0.1 | U12: 6.7 | V12: 8.4 | W12: 0.29
B13: 0.47916667 | C13: 1130 | D13: 83 | E13: 500 | F13: 1888 | G13: S | H13: 4.5 | L13: 24 | M13: 6.7 | N13: 4.05 | O13: 18 | P13: 6.9 | Q13: 6.8 | R13: 9.4 | S13: 0.11 | U13: 6.7 | V13: 9.4 | W13: 0.27
B14: 0.52083333 | C14: * | D14: * | E14: * | F14: * | G14: * | H14: * | I14: * | J14: * | K14: * | L14: * | M14: * | N14: * | O14: * | P14: * | Q14: * | R14: * | S14: * | T14: * | U14: * | V14: * | W14: * | X14: *
B15: 0.5625 | C15: * | D15: * | E15: * | F15: * | G15: * | H15: * | I15: * | J15: * | K15: * | L15: * | M15: * | N15: * | O15: * | P15: * | Q15: * | R15: * | S15: * | T15: * | U15: * | V15: * | W15: * | X15: *
B16: 0.60416667 | C16: 1139 | D16: 84 | E16: 499 | F16: 1785 | G16: S | H16: 4.4 | L16: 24 | M16: 6.8 | N16: 5.66 | O16: 21 | P16: 8.7 | Q16: 6.8 | R16: 7.2 | S16: 0.17 | U16: 6.8 | V16: 8.2 | W16: 0.25
B17: 0.64583333 | C17: ** | D17: ** | E17: ** | F17: ** | G17: ** | H17: ** | I17: ** | J17: ** | K17: ** | L17: ** | M17: ** | N17: ** | O17: ** | P17: ** | Q17: ** | R17: ** | S17: ** | T17: ** | U17: ** | V17: ** | W17: ** | X17: **
B18: 0.6875 | C18: 1239 | D18: 81 | E18: 500 | F18: 1845 | G18: S | H18: 4.4 | L18: 24.6 | M18: 6.8 | N18: 7.04 | O18: 15 | P18: 8.8 | Q18: 6.8 | R18: 8.3 | S18: 0.18 | U18: 6.7 | V18: 8.4 | W18: 0.25
B19: 0.72916667 | C19: 1212 | D19: 70 | E19: 500 | F19: 1876 | G19: S | H19: 4.4 | L19: 24.4 | M19: 6.7 | N19: 3.36 | O19: 18 | P19: 8.4 | Q19: 6.7 | R19: 8.1 | S19: 0.12 | U19: 6.6 | V19: 8.8 | W19: 0.19
B20: 0.77083333 | C20: - | D20: - | E20: - | F20: - | G20: - | H20: - | I20: - | J20: - | K20: - | L20: - | M20: - | N20: - | O20: - | P20: - | Q20: - | R20: - | S20: - | T20: - | U20: - | V20: - | W20: - | X20: -
B21: 0.8125 | C21: 1173 | D21: 82 | E21: 499 | F21: 1884 | G21: S | H21: 4.4 | L21: 24.6 | M21: 6.8 | N21: 3.85 | O21: 15 | P21: 9.7 | Q21: 7 | R21: 9.6 | S21: 0.12 | U21: 7 | V21: 8.8 | W21: 0.11
B22: 0.85416667 | C22: 1183 | D22: 82 | E22: 499 | F22: 1809 | G22: S | H22: 4.4 | L22: 24.7 | M22: 6.8 | N22: 3.4 | O22: 14 | P22: 10 | Q22: 7 | R22: 9.1 | S22: 0.12 | U22: 6.9 | V22: 8.3 | W22: 0.16
B24: OBSERVAÇÕES: | D24: * Intrajoranda
D25: ** ETA DESATIVADA

Sheet EQUILIBRIO QUIMICO COM CARGA
A1: DATA | B1: HORA | C1: VAZÃO ÁGUA BRUTA TOR (L/s) | D1: VAZÃO ÁGUA BRUTA SM (L/s) | E1: VAZÃO ÁGUA BRUTA BNN (L/s) | F1: VAZÃO ÁGUA BRUTA TOTAL (L/s) | G1: DOS CAL (s/n) | H1: DOS PAC (mg/L) | I1: CARGA (CSV) | J1: FLOC GRAD 1ª Câmara | K1: FLOC GRAD 2ª Câmara | L1: FLOC GRAD 3ª Câmara | M1: ÁGUA BRUTA TEMP (°C) | N1: ÁGUA BRUTA pH | O1: ÁGUA BRUTA TURB (uT) | P1: ÁGUA BRUTA COR (uC) | Q1: ÁGUA BRUTA ALC. (mg/L) | R1: ÁGUA FILTRADA TURB (uT) | S1: Sa (SOLUBILIDADE DO AR NA ÁGUA A 25ºC) | T1: Pa (PRESSÃO ATMOSFÉRICA - DF) | U1: f (TAXA DE EFICIÊNCIA DO SATURADOR) | V1: LADO PAR SST_coag (CONCENTRAÇÃO DE SÓLIDOS SUSPENSOS TOTAIS (mg/L) | W1: LADO PAR Car(CONCENTRAÇÃO DE AR DISPONÍVEL NA ZONA DE MISTURA (mg/L)) | X1: LADO PAR A/S (RELAÇÃO MASSA DE AR / MASSA DE SST | Y1: LADO PAR Nº FLOC. | Z1: LADO PAR Nº FLOT. | AA1: LADO PAR FLOTAÇÃO Pressão Sat. (bar) | AB1: LADO PAR FLOTAÇÃO Vazão Rec.(L/s) | AC1: LADO PAR ÁGUA COAGULADA pH | AD1: LADO PAR ÁGUA COAGULADA ALC. (mg/L) | AE1: LADO PAR ÁGUA COAGULADA TURB PAPEL FILTRO (uT) | AF1: LADO PAR FLOTAÇÃO TURB CLARIFICADA CLP (uT) | AG1: LADO ÍMPAR SST_coag (CONCENTRAÇÃO DE SÓLIDOS SUSPENSOS TOTAIS (mg/L) | AH1: LADO ÍMPAR Car(CONCENTRAÇÃO DE AR DISPONÍVEL NA ZONA DE MISTURA (mg/L)) | AI1: LADO ÍMPAR A/S (RELAÇÃO MASSA DE AR / MASSA DE SST | AJ1: LADO ÍMPAR Nº FLOC. | AK1: LADO ÍMPAR Nº FLOT. | AL1: LADO ÍMPAR FLOTAÇÃO Pressão Sat. (bar) | AM1: LADO ÍMPAR FLOTAÇÃO Vazão Rec.(L/s) | AN1: LADO ÍMPAR ÁGUA COAGULADA pH | AO1: LADO ÍMPAR ÁGUA COAGULADA ALC. (mg/l) | AP1: LADO ÍMPAR ÁGUA COAGULADA TURB PAPEL FILTRO (uT) | AQ1: LADO ÍMPAR FLOTAÇÃO TURB CLARIFICADA CLP (uT) | AR1: Q_TOTAL | AS1: %TOR | AT1: %SM | AU1: %BNN | AV1: TAXA_RECIR. _PAR | AW1: TAXA_RECIR. _ÍMPAR | AX1: TAXA_REMOÇÃO_ÍMPAR | AY1: TAXA_REMOÇÃO_PAR | AZ1: FAIXA_ALC_BRUTA | BA1: FAIXA_COR_BRUTA | BB1: FAIXA_TURB_BRUTA | BC1: TIPO_AGUA_BRUTA | BD1: FAIXA_TURB_PAPEL_FILTRO_PAR | BE1: FAIXA_TURB_PAPEL_FILTRO_ÍMPAR | BF1: FAIXA_TURB_CLAR_PAR | BG1: FAIXA_TURB_CLAR_ÍMPAR | BH1: FAIXA_TURB_FILT
A2: 46259 | B2: 0.39583333 | C2: 350 | D2: 1700 | E2: 0 | F2: 2200 | G2: N | H2: 9.8 | I2: -38 | J2: 90 | K2: 90 | L2: 90 | M2: 25 | N2: 6.4 | O2: 1.06 | P2: 8 | Q2: 5.8 | R2: 0.17 | S2: 22.36 | T2: 0.88 | U2: 0.7 | V2: =(O2+0.3*H2+2)*(F2/2/Z2) -> 1650 | W2: =S2*(U2*AA2*0.987-T2)*AB2 -> 1372.5563 | X2: =W2/V2 -> 0.8318523 | Y2: 3 | Z2: 4 | AA2: 6.5 | AB2: 17 | AC2: 5.6 | AD2: 2 | AE2: 0.86 | AF2: 0.14 | AG2: =(O2+0.3*H2+2)*(F2/2/AK2) -> 1650 | AH2: =S2*(U2*AL2*0.987-T2)*AM2 -> 1768.1589 | AI2: =AH2/AG2 -> 1.0716115 | AJ2: 4 | AK2: 4 | AL2: 6.25 | AM2: 23 | AN2: 5.2 | AO2: 2.2 | AP2: 1.21 | AQ2: 0.11 | AR2: =SUM(C2:E2) -> 2050 | AS2: =C2/AR2 -> 0.17073171 | AT2: =D2/AR2 -> 0.82926829 | AU2: =E2/AR2 -> 0 | AV2: =IF(AND(F2<>"",Z2<>""),AB2/(F2/2/Z2),"") -> 0.061818182 | AW2: =IF(AND(F2<>"",AK2<>""),AM2/(F2/2/AK2),"") -> 0.083636364 | AX2: =IF(AND(AQ2<>"",1-(AQ2/O2)>0),1-(AQ2/O2),"") -> 0.89622642 | AY2: =IF(AND(AF2<>"",1-(AF2/O2)>0),1-(AF2/O2),"") -> 0.86792453 | AZ2: =IF(Q2="","",IF(Q2<2.5,"Alc. Bruta < 2,5 mg/L",IF(Q2<5,"2,5 ≤ Alc. Bruta < 5,0 mg/L",IF(Q2<7.5,"5,0 ≤ Alc. Bruta < 7,5 mg/L",IF(Q2<10,"7,5 ≤ Alc. Bruta < 10,0 mg/L",IF(Q2<15,"10,0 ≤ Alca. Bruta < 15,0 mg/L","Alc. Bruta > 15 mg/L")))))) -> 5,0 ≤ Alc. Bruta < 7,5 mg/L | BA2: =IF(P2="","",IF(P2<5,"Cor <5 uC",IF(P2<10,"5 ≤ Cor < 10 uC",IF(P2<15,"10 ≤ Cor <15 uC",IF(P2<30,"15 ≤ Cor < 30 uC",IF(P2<50,"30 ≤ Cor < 50 uC","Cor > 50 uC")))))) -> 5 ≤ Cor < 10 uC | BB2: =IF(O2="","",IF(O2<2.5,"Turbidez < 2,5 uT",IF(O2<5,"2,5 ≤ Turb < 5,0 uT",IF(O2<7.5,"5,0 ≤ Turb < 7,5 uT",IF(O2<10,"7,5 ≤ Turb < 10,0 uT",IF(O2<15,"10,0 ≤ Turb < 15,0 uT","Turb > 15 uT")))))) -> Turbidez < 2,5 uT | BC2: =IF(AND(C2>D2,D2>E2),"TOR > SM > BNN",IF(AND(C2>E2,E2>D2),"TOR > BNN > SM",IF(AND(D2>C2,C2>E2),"SM > TOR > BNN",IF(AND(D2>E2,E2>C2),"SM > BNN > TOR",IF(AND(C2=D2,D2=E2),"TOR = SM = BNN","Comb. diferentes"))))) -> SM > TOR > BNN | BD2: =IF(OR(AE2="",AQ2="-"),"",IF(AE2<=0.25,"Tipo 1 (≤0,25) uT",IF(AE2<=0.5,"Tipo 2 (0,25-0,50) uT",IF(AE2<=0.75,"Tipo 3 (0,50-0,75) uT","Tipo 4 (>0,75) uT")))) -> Tipo 4 (>0,75) uT | BE2: =IF(OR(AP2="",AZ2="-"),"",IF(AP2<=0.25,"Tipo 1 (≤0,25) uT",IF(AP2<=0.5,"Tipo 2 (0,25-0,50) uT",IF(AP2<=0.75,"Tipo 3 (0,50-0,75) uT","Tipo 4 (>0,75) uT")))) -> Tipo 4 (>0,75) uT | BF2: =IF(OR(AF2="",AQ2="-"),"",IF(AF2<=0.25,"Tipo 1 (≤0,25) uT",IF(AF2<=0.5,"Tipo 2 (0,25-0,50) uT",IF(AF2<=0.75,"Tipo 3 (0,50-0,75) uT","Tipo 4 (>0,75) uT")))) -> Tipo 1 (≤0,25) uT | BG2: =IF(OR(AQ2="",AQ2="-"),"",IF(AQ2<=0.25,"Tipo 1 (≤0,25) uT",IF(AQ2<=0.5,"Tipo 2 (0,25-0,50) uT",IF(AQ2<=0.75,"Tipo 3 (0,50-0,75) uT","Tipo 4 (>0,75) uT")))) -> Tipo 1 (≤0,25) uT | BH2: =IF(OR(R2="",R2="-"),"",IF(R2<=0.25,"Tipo 1 (≤0,25) uT",IF(R2<=0.5,"Tipo 2 (0,25-0,50) uT",IF(R2<=0.75,"Tipo 3 (0,50-0,75) uT","Tipo 4 (>0,75) uT")))) -> Tipo 1 (≤0,25) uT
A3: 46259 | B3: 0.47916667 | C3: 362 | D3: 1691 | E3: 0 | F3: 2180 | G3: N | H3: 9.8 | I3: -92 | J3: 90 | K3: 90 | L3: 90 | M3: 25.4 | N3: 6.4 | O3: 0.9 | P3: 7 | Q3: 5 | R3: 0.24 | S3: 22.36 | T3: 0.88 | U3: 0.7 | V3: =(O3+0.3*H3+2)*(F3/2/Z3) -> 1591.4 | W3: =S3*(U3*AA3*0.987-T3)*AB3 -> 1372.5563 | X3: =W3/V3 -> 0.86248354 | Y3: 3 | Z3: 4 | AA3: 6.5 | AB3: 17 | AC3: 5.7 | AD3: 2.1 | AE3: 1.46 | AF3: 0.13 | AG3: =(O3+0.3*H3+2)*(F3/2/AK3) -> 1591.4 | AH3: =S3*(U3*AL3*0.987-T3)*AM3 -> 1785.9247 | AI3: =AH3/AG3 -> 1.122235 | AJ3: 4 | AK3: 4 | AL3: 6.3 | AM3: 23 | AN3: 5.3 | AO3: 2.2 | AP3: 1.25 | AQ3: 0.11 | AR3: =SUM(C3:E3) -> 2053 | AS3: =C3/AR3 -> 0.17632733 | AT3: =D3/AR3 -> 0.82367267 | AU3: =E3/AR3 -> 0 | AV3: =IF(AND(F3<>"",Z3<>""),AB3/(F3/2/Z3),"") -> 0.062385321 | AW3: =IF(AND(F3<>"",AK3<>""),AM3/(F3/2/AK3),"") -> 0.08440367 | AX3: =IF(AND(AQ3<>"",1-(AQ3/O3)>0),1-(AQ3/O3),"") -> 0.87777778 | AY3: =IF(AND(AF3<>"",1-(AF3/O3)>0),1-(AF3/O3),"") -> 0.85555556 | AZ3: =IF(Q3="","",IF(Q3<2.5,"Alc. Bruta < 2,5 mg/L",IF(Q3<5,"2,5 ≤ Alc. Bruta < 5,0 mg/L",IF(Q3<7.5,"5,0 ≤ Alc. Bruta < 7,5 mg/L",IF(Q3<10,"7,5 ≤ Alc. Bruta < 10,0 mg/L",IF(Q3<15,"10,0 ≤ Alca. Bruta < 15,0 mg/L","Alc. Bruta > 15 mg/L")))))) -> 5,0 ≤ Alc. Bruta < 7,5 mg/L | BA3: =IF(P3="","",IF(P3<5,"Cor <5 uC",IF(P3<10,"5 ≤ Cor < 10 uC",IF(P3<15,"10 ≤ Cor <15 uC",IF(P3<30,"15 ≤ Cor < 30 uC",IF(P3<50,"30 ≤ Cor < 50 uC","Cor > 50 uC")))))) -> 5 ≤ Cor < 10 uC | BB3: =IF(O3="","",IF(O3<2.5,"Turbidez < 2,5 uT",IF(O3<5,"2,5 ≤ Turb < 5,0 uT",IF(O3<7.5,"5,0 ≤ Turb < 7,5 uT",IF(O3<10,"7,5 ≤ Turb < 10,0 uT",IF(O3<15,"10,0 ≤ Turb < 15,0 uT","Turb > 15 uT")))))) -> Turbidez < 2,5 uT | BC3: =IF(AND(C3>D3,D3>E3),"TOR > SM > BNN",IF(AND(C3>E3,E3>D3),"TOR > BNN > SM",IF(AND(D3>C3,C3>E3),"SM > TOR > BNN",IF(AND(D3>E3,E3>C3),"SM > BNN > TOR",IF(AND(C3=D3,D3=E3),"TOR = SM = BNN","Comb. diferentes"))))) -> SM > TOR > BNN | BD3: =IF(OR(AE3="",AQ3="-"),"",IF(AE3<=0.25,"Tipo 1 (≤0,25) uT",IF(AE3<=0.5,"Tipo 2 (0,25-0,50) uT",IF(AE3<=0.75,"Tipo 3 (0,50-0,75) uT","Tipo 4 (>0,75) uT")))) -> Tipo 4 (>0,75) uT | BE3: =IF(OR(AP3="",AZ3="-"),"",IF(AP3<=0.25,"Tipo 1 (≤0,25) uT",IF(AP3<=0.5,"Tipo 2 (0,25-0,50) uT",IF(AP3<=0.75,"Tipo 3 (0,50-0,75) uT","Tipo 4 (>0,75) uT")))) -> Tipo 4 (>0,75) uT | BF3: =IF(OR(AF3="",AQ3="-"),"",IF(AF3<=0.25,"Tipo 1 (≤0,25) uT",IF(AF3<=0.5,"Tipo 2 (0,25-0,50) uT",IF(AF3<=0.75,"Tipo 3 (0,50-0,75) uT","Tipo 4 (>0,75) uT")))) -> Tipo 1 (≤0,25) uT | BG3: =IF(OR(AQ3="",AQ3="-"),"",IF(AQ3<=0.25,"Tipo 1 (≤0,25) uT",IF(AQ3<=0.5,"Tipo 2 (0,25-0,50) uT",IF(AQ3<=0.75,"Tipo 3 (0,50-0,75) uT","Tipo 4 (>0,75) uT")))) -> Tipo 1 (≤0,25) uT | BH3: =IF(OR(R3="",R3="-"),"",IF(R3<=0.25,"Tipo 1 (≤0,25) uT",IF(R3<=0.5,"Tipo 2 (0,25-0,50) uT",IF(R3<=0.75,"Tipo 3 (0,50-0,75) uT","Tipo 4 (>0,75) uT")))) -> Tipo 1 (≤0,25) uT
A4: 46259 | B4: 0.72916667 | C4: 344 | D4: 1544 | E4: 350 | F4: 2280 | G4: N | H4: 9.8 | I4: -118 | J4: 90 | K4: 90 | L4: 90 | M4: 26.6 | N4: 6.5 | O4: 0.98 | P4: 9 | Q4: 6.3 | R4: 0.29 | S4: 22.36 | T4: 0.88 | U4: 0.7 | V4: =(O4+0.3*H4+2)*(F4/2/Z4) -> 1687.2 | W4: =S4*(U4*AA4*0.987-T4)*AB4 -> 1380.435 | X4: =W4/V4 -> 0.81818104 | Y4: 3 | Z4: 4 | AA4: 6.53 | AB4: 17 | AC4: 6.1 | AD4: 4.9 | AE4: 0.69 | AF4: 0.18 | AG4: =(O4+0.3*H4+2)*(F4/2/AK4) -> 1687.2 | AH4: =S4*(U4*AL4*0.987-T4)*AM4 -> 1771.7121 | AI4: =AH4/AG4 -> 1.0500901 | AJ4: 3 | AK4: 4 | AL4: 6.26 | AM4: 23 | AN4: 6.1 | AO4: 4.4 | AP4: 0.7 | AQ4: 0.22 | AR4: =SUM(C4:E4) -> 2238 | AS4: =C4/AR4 -> 0.15370867 | AT4: =D4/AR4 -> 0.6899017 | AU4: =E4/AR4 -> 0.15638963 | AV4: =IF(AND(F4<>"",Z4<>""),AB4/(F4/2/Z4),"") -> 0.059649123 | AW4: =IF(AND(F4<>"",AK4<>""),AM4/(F4/2/AK4),"") -> 0.080701754 | AX4: =IF(AND(AQ4<>"",1-(AQ4/O4)>0),1-(AQ4/O4),"") -> 0.7755102 | AY4: =IF(AND(AF4<>"",1-(AF4/O4)>0),1-(AF4/O4),"") -> 0.81632653 | AZ4: =IF(Q4="","",IF(Q4<2.5,"Alc. Bruta < 2,5 mg/L",IF(Q4<5,"2,5 ≤ Alc. Bruta < 5,0 mg/L",IF(Q4<7.5,"5,0 ≤ Alc. Bruta < 7,5 mg/L",IF(Q4<10,"7,5 ≤ Alc. Bruta < 10,0 mg/L",IF(Q4<15,"10,0 ≤ Alca. Bruta < 15,0 mg/L","Alc. Bruta > 15 mg/L")))))) -> 5,0 ≤ Alc. Bruta < 7,5 mg/L | BA4: =IF(P4="","",IF(P4<5,"Cor <5 uC",IF(P4<10,"5 ≤ Cor < 10 uC",IF(P4<15,"10 ≤ Cor <15 uC",IF(P4<30,"15 ≤ Cor < 30 uC",IF(P4<50,"30 ≤ Cor < 50 uC","Cor > 50 uC")))))) -> 5 ≤ Cor < 10 uC | BB4: =IF(O4="","",IF(O4<2.5,"Turbidez < 2,5 uT",IF(O4<5,"2,5 ≤ Turb < 5,0 uT",IF(O4<7.5,"5,0 ≤ Turb < 7,5 uT",IF(O4<10,"7,5 ≤ Turb < 10,0 uT",IF(O4<15,"10,0 ≤ Turb < 15,0 uT","Turb > 15 uT")))))) -> Turbidez < 2,5 uT | BC4: =IF(AND(C4>D4,D4>E4),"TOR > SM > BNN",IF(AND(C4>E4,E4>D4),"TOR > BNN > SM",IF(AND(D4>C4,C4>E4),"SM > TOR > BNN",IF(AND(D4>E4,E4>C4),"SM > BNN > TOR",IF(AND(C4=D4,D4=E4),"TOR = SM = BNN","Comb. diferentes"))))) -> SM > BNN > TOR | BD4: =IF(OR(AE4="",AQ4="-"),"",IF(AE4<=0.25,"Tipo 1 (≤0,25) uT",IF(AE4<=0.5,"Tipo 2 (0,25-0,50) uT",IF(AE4<=0.75,"Tipo 3 (0,50-0,75) uT","Tipo 4 (>0,75) uT")))) -> Tipo 3 (0,50-0,75) uT | BE4: =IF(OR(AP4="",AZ4="-"),"",IF(AP4<=0.25,"Tipo 1 (≤0,25) uT",IF(AP4<=0.5,"Tipo 2 (0,25-0,50) uT",IF(AP4<=0.75,"Tipo 3 (0,50-0,75) uT","Tipo 4 (>0,75) uT")))) -> Tipo 3 (0,50-0,75) uT | BF4: =IF(OR(AF4="",AQ4="-"),"",IF(AF4<=0.25,"Tipo 1 (≤0,25) uT",IF(AF4<=0.5,"Tipo 2 (0,25-0,50) uT",IF(AF4<=0.75,"Tipo 3 (0,50-0,75) uT","Tipo 4 (>0,75) uT")))) -> Tipo 1 (≤0,25) uT | BG4: =IF(OR(AQ4="",AQ4="-"),"",IF(AQ4<=0.25,"Tipo 1 (≤0,25) uT",IF(AQ4<=0.5,"Tipo 2 (0,25-0,50) uT",IF(AQ4<=0.75,"Tipo 3 (0,50-0,75) uT","Tipo 4 (>0,75) uT")))) -> Tipo 1 (≤0,25) uT | BH4: =IF(OR(R4="",R4="-"),"",IF(R4<=0.25,"Tipo 1 (≤0,25) uT",IF(R4<=0.5,"Tipo 2 (0,25-0,50) uT",IF(R4<=0.75,"Tipo 3 (0,50-0,75) uT","Tipo 4 (>0,75) uT")))) -> Tipo 2 (0,25-0,50) uT
A5: 46259 | B5: 0.8125 | C5: 349 | D5: 1572 | E5: 350 | F5: 2214 | G5: N | H5: 9.8 | I5: -135 | J5: 90 | K5: 90 | L5: 90 | M5: 25.5 | N5: 6.6 | O5: 1.09 | P5: 11 | Q5: 6.3 | R5: 0.4 | S5: 22.36 | T5: 0.88 | U5: 0.7 | V5: =(O5+0.3*H5+2)*(F5/2/Z5) -> 1668.8025 | W5: =S5*(U5*AA5*0.987-T5)*AB5 -> 1390.94 | X5: =W5/V5 -> 0.8334959 | Y5: 3 | Z5: 4 | AA5: 6.57 | AB5: 17 | AC5: 6.2 | AD5: 5.2 | AE5: 0.51 | AF5: 0.2 | AG5: =(O5+0.3*H5+2)*(F5/2/AK5) -> 1668.8025 | AH5: =S5*(U5*AL5*0.987-T5)*AM5 -> 1768.1589 | AI5: =AH5/AG5 -> 1.0595376 | AJ5: 3 | AK5: 4 | AL5: 6.25 | AM5: 23 | AN5: 6.2 | AO5: 4.7 | AP5: 0.45 | AQ5: 0.22 | AR5: =SUM(C5:E5) -> 2271 | AS5: =C5/AR5 -> 0.15367679 | AT5: =D5/AR5 -> 0.69220608 | AU5: =E5/AR5 -> 0.15411713 | AV5: =IF(AND(F5<>"",Z5<>""),AB5/(F5/2/Z5),"") -> 0.061427281 | AW5: =IF(AND(F5<>"",AK5<>""),AM5/(F5/2/AK5),"") -> 0.083107498 | AX5: =IF(AND(AQ5<>"",1-(AQ5/O5)>0),1-(AQ5/O5),"") -> 0.79816514 | AY5: =IF(AND(AF5<>"",1-(AF5/O5)>0),1-(AF5/O5),"") -> 0.81651376 | AZ5: =IF(Q5="","",IF(Q5<2.5,"Alc. Bruta < 2,5 mg/L",IF(Q5<5,"2,5 ≤ Alc. Bruta < 5,0 mg/L",IF(Q5<7.5,"5,0 ≤ Alc. Bruta < 7,5 mg/L",IF(Q5<10,"7,5 ≤ Alc. Bruta < 10,0 mg/L",IF(Q5<15,"10,0 ≤ Alca. Bruta < 15,0 mg/L","Alc. Bruta > 15 mg/L")))))) -> 5,0 ≤ Alc. Bruta < 7,5 mg/L | BA5: =IF(P5="","",IF(P5<5,"Cor <5 uC",IF(P5<10,"5 ≤ Cor < 10 uC",IF(P5<15,"10 ≤ Cor <15 uC",IF(P5<30,"15 ≤ Cor < 30 uC",IF(P5<50,"30 ≤ Cor < 50 uC","Cor > 50 uC")))))) -> 10 ≤ Cor <15 uC | BB5: =IF(O5="","",IF(O5<2.5,"Turbidez < 2,5 uT",IF(O5<5,"2,5 ≤ Turb < 5,0 uT",IF(O5<7.5,"5,0 ≤ Turb < 7,5 uT",IF(O5<10,"7,5 ≤ Turb < 10,0 uT",IF(O5<15,"10,0 ≤ Turb < 15,0 uT","Turb > 15 uT")))))) -> Turbidez < 2,5 uT | BC5: =IF(AND(C5>D5,D5>E5),"TOR > SM > BNN",IF(AND(C5>E5,E5>D5),"TOR > BNN > SM",IF(AND(D5>C5,C5>E5),"SM > TOR > BNN",IF(AND(D5>E5,E5>C5),"SM > BNN > TOR",IF(AND(C5=D5,D5=E5),"TOR = SM = BNN","Comb. diferentes"))))) -> SM > BNN > TOR | BD5: =IF(OR(AE5="",AQ5="-"),"",IF(AE5<=0.25,"Tipo 1 (≤0,25) uT",IF(AE5<=0.5,"Tipo 2 (0,25-0,50) uT",IF(AE5<=0.75,"Tipo 3 (0,50-0,75) uT","Tipo 4 (>0,75) uT")))) -> Tipo 3 (0,50-0,75) uT | BE5: =IF(OR(AP5="",AZ5="-"),"",IF(AP5<=0.25,"Tipo 1 (≤0,25) uT",IF(AP5<=0.5,"Tipo 2 (0,25-0,50) uT",IF(AP5<=0.75,"Tipo 3 (0,50-0,75) uT","Tipo 4 (>0,75) uT")))) -> Tipo 2 (0,25-0,50) uT | BF5: =IF(OR(AF5="",AQ5="-"),"",IF(AF5<=0.25,"Tipo 1 (≤0,25) uT",IF(AF5<=0.5,"Tipo 2 (0,25-0,50) uT",IF(AF5<=0.75,"Tipo 3 (0,50-0,75) uT","Tipo 4 (>0,75) uT")))) -> Tipo 1 (≤0,25) uT | BG5: =IF(OR(AQ5="",AQ5="-"),"",IF(AQ5<=0.25,"Tipo 1 (≤0,25) uT",IF(AQ5<=0.5,"Tipo 2 (0,25-0,50) uT",IF(AQ5<=0.75,"Tipo 3 (0,50-0,75) uT","Tipo 4 (>0,75) uT")))) -> Tipo 1 (≤0,25) uT | BH5: =IF(OR(R5="",R5="-"),"",IF(R5<=0.25,"Tipo 1 (≤0,25) uT",IF(R5<=0.5,"Tipo 2 (0,25-0,50) uT",IF(R5<=0.75,"Tipo 3 (0,50-0,75) uT","Tipo 4 (>0,75) uT")))) -> Tipo 2 (0,25-0,50) uT
A6: 46259 | B6: 0.89583333 | C6: 338 | D6: 1581 | E6: 349 | F6: 2240 | G6: N | H6: 9.8 | I6: -141 | J6: 90 | K6: 90 | L6: 90 | M6: 25.5 | N6: 6.6 | O6: 1.12 | P6: 6 | Q6: 7.2 | R6: 0.31 | S6: 22.36 | T6: 0.88 | U6: 0.7 | V6: =(O6+0.3*H6+2)*(F6/2/Z6) -> 1696.8 | W6: =S6*(U6*AA6*0.987-T6)*AB6 -> 1294.2895 | X6: =W6/V6 -> 0.76278257 | Y6: 3 | Z6: 4 | AA6: 6.51 | AB6: 16 | AC6: 6.2 | AD6: 4.7 | AE6: 0.3 | AF6: 0.2 | AG6: =(O6+0.3*H6+2)*(F6/2/AK6) -> 1696.8 | AH6: =S6*(U6*AL6*0.987-T6)*AM6 -> 1778.8184 | AI6: =AH6/AG6 -> 1.0483371 | AJ6: 3 | AK6: 4 | AL6: 6.28 | AM6: 23 | AN6: 6.2 | AO6: 5 | AP6: 0.35 | AQ6: 0.21 | AR6: =SUM(C6:E6) -> 2268 | AS6: =C6/AR6 -> 0.14902998 | AT6: =D6/AR6 -> 0.69708995 | AU6: =E6/AR6 -> 0.15388007 | AV6: =IF(AND(F6<>"",Z6<>""),AB6/(F6/2/Z6),"") -> 0.057142857 | AW6: =IF(AND(F6<>"",AK6<>""),AM6/(F6/2/AK6),"") -> 0.082142857 | AX6: =IF(AND(AQ6<>"",1-(AQ6/O6)>0),1-(AQ6/O6),"") -> 0.8125 | AY6: =IF(AND(AF6<>"",1-(AF6/O6)>0),1-(AF6/O6),"") -> 0.82142857 | AZ6: =IF(Q6="","",IF(Q6<2.5,"Alc. Bruta < 2,5 mg/L",IF(Q6<5,"2,5 ≤ Alc. Bruta < 5,0 mg/L",IF(Q6<7.5,"5,0 ≤ Alc. Bruta < 7,5 mg/L",IF(Q6<10,"7,5 ≤ Alc. Bruta < 10,0 mg/L",IF(Q6<15,"10,0 ≤ Alca. Bruta < 15,0 mg/L","Alc. Bruta > 15 mg/L")))))) -> 5,0 ≤ Alc. Bruta < 7,5 mg/L | BA6: =IF(P6="","",IF(P6<5,"Cor <5 uC",IF(P6<10,"5 ≤ Cor < 10 uC",IF(P6<15,"10 ≤ Cor <15 uC",IF(P6<30,"15 ≤ Cor < 30 uC",IF(P6<50,"30 ≤ Cor < 50 uC","Cor > 50 uC")))))) -> 5 ≤ Cor < 10 uC | BB6: =IF(O6="","",IF(O6<2.5,"Turbidez < 2,5 uT",IF(O6<5,"2,5 ≤ Turb < 5,0 uT",IF(O6<7.5,"5,0 ≤ Turb < 7,5 uT",IF(O6<10,"7,5 ≤ Turb < 10,0 uT",IF(O6<15,"10,0 ≤ Turb < 15,0 uT","Turb > 15 uT")))))) -> Turbidez < 2,5 uT | BC6: =IF(AND(C6>D6,D6>E6),"TOR > SM > BNN",IF(AND(C6>E6,E6>D6),"TOR > BNN > SM",IF(AND(D6>C6,C6>E6),"SM > TOR > BNN",IF(AND(D6>E6,E6>C6),"SM > BNN > TOR",IF(AND(C6=D6,D6=E6),"TOR = SM = BNN","Comb. diferentes"))))) -> SM > BNN > TOR | BD6: =IF(OR(AE6="",AQ6="-"),"",IF(AE6<=0.25,"Tipo 1 (≤0,25) uT",IF(AE6<=0.5,"Tipo 2 (0,25-0,50) uT",IF(AE6<=0.75,"Tipo 3 (0,50-0,75) uT","Tipo 4 (>0,75) uT")))) -> Tipo 2 (0,25-0,50) uT | BE6: =IF(OR(AP6="",AZ6="-"),"",IF(AP6<=0.25,"Tipo 1 (≤0,25) uT",IF(AP6<=0.5,"Tipo 2 (0,25-0,50) uT",IF(AP6<=0.75,"Tipo 3 (0,50-0,75) uT","Tipo 4 (>0,75) uT")))) -> Tipo 2 (0,25-0,50) uT | BF6: =IF(OR(AF6="",AQ6="-"),"",IF(AF6<=0.25,"Tipo 1 (≤0,25) uT",IF(AF6<=0.5,"Tipo 2 (0,25-0,50) uT",IF(AF6<=0.75,"Tipo 3 (0,50-0,75) uT","Tipo 4 (>0,75) uT")))) -> Tipo 1 (≤0,25) uT | BG6: =IF(OR(AQ6="",AQ6="-"),"",IF(AQ6<=0.25,"Tipo 1 (≤0,25) uT",IF(AQ6<=0.5,"Tipo 2 (0,25-0,50) uT",IF(AQ6<=0.75,"Tipo 3 (0,50-0,75) uT","Tipo 4 (>0,75) uT")))) -> Tipo 1 (≤0,25) uT | BH6: =IF(OR(R6="",R6="-"),"",IF(R6<=0.25,"Tipo 1 (≤0,25) uT",IF(R6<=0.5,"Tipo 2 (0,25-0,50) uT",IF(R6<=0.75,"Tipo 3 (0,50-0,75) uT","Tipo 4 (>0,75) uT")))) -> Tipo 2 (0,25-0,50) uT
A7: 46259 | B7: 0.97916667 | C7: 329 | D7: 1349 | E7: 350 | F7: 2330 | G7: N | H7: 9.8 | I7: -145 | J7: 90 | K7: 90 | L7: 90 | M7: 24.5 | N7: 6.5 | O7: 1.13 | P7: 7 | Q7: 6 | R7: 0.33 | S7: 22.36 | T7: 0.88 | U7: 0.7 | V7: =(O7+0.3*H7+2)*(F7/2/Z7) -> 1767.8875 | W7: =S7*(U7*AA7*0.987-T7)*AB7 -> 1362.0513 | X7: =W7/V7 -> 0.77044003 | Y7: 3 | Z7: 4 | AA7: 6.46 | AB7: 17 | AC7: 6.3 | AD7: 6 | AE7: 0.42 | AF7: 0.19 | AG7: =(O7+0.3*H7+2)*(F7/2/AK7) -> 1767.8875 | AH7: =S7*(U7*AL7*0.987-T7)*AM7 -> 1771.7121 | AI7: =AH7/AG7 -> 1.0021634 | AJ7: 3 | AK7: 4 | AL7: 6.26 | AM7: 23 | AN7: 6.1 | AO7: 4.9 | AP7: 0.42 | AQ7: 0.21 | AR7: =SUM(C7:E7) -> 2028 | AS7: =C7/AR7 -> 0.1622288 | AT7: =D7/AR7 -> 0.66518738 | AU7: =E7/AR7 -> 0.17258383 | AV7: =IF(AND(F7<>"",Z7<>""),AB7/(F7/2/Z7),"") -> 0.058369099 | AW7: =IF(AND(F7<>"",AK7<>""),AM7/(F7/2/AK7),"") -> 0.078969957 | AX7: =IF(AND(AQ7<>"",1-(AQ7/O7)>0),1-(AQ7/O7),"") -> 0.81415929 | AY7: =IF(AND(AF7<>"",1-(AF7/O7)>0),1-(AF7/O7),"") -> 0.83185841 | AZ7: =IF(Q7="","",IF(Q7<2.5,"Alc. Bruta < 2,5 mg/L",IF(Q7<5,"2,5 ≤ Alc. Bruta < 5,0 mg/L",IF(Q7<7.5,"5,0 ≤ Alc. Bruta < 7,5 mg/L",IF(Q7<10,"7,5 ≤ Alc. Bruta < 10,0 mg/L",IF(Q7<15,"10,0 ≤ Alca. Bruta < 15,0 mg/L","Alc. Bruta > 15 mg/L")))))) -> 5,0 ≤ Alc. Bruta < 7,5 mg/L | BA7: =IF(P7="","",IF(P7<5,"Cor <5 uC",IF(P7<10,"5 ≤ Cor < 10 uC",IF(P7<15,"10 ≤ Cor <15 uC",IF(P7<30,"15 ≤ Cor < 30 uC",IF(P7<50,"30 ≤ Cor < 50 uC","Cor > 50 uC")))))) -> 5 ≤ Cor < 10 uC | BB7: =IF(O7="","",IF(O7<2.5,"Turbidez < 2,5 uT",IF(O7<5,"2,5 ≤ Turb < 5,0 uT",IF(O7<7.5,"5,0 ≤ Turb < 7,5 uT",IF(O7<10,"7,5 ≤ Turb < 10,0 uT",IF(O7<15,"10,0 ≤ Turb < 15,0 uT","Turb > 15 uT")))))) -> Turbidez < 2,5 uT | BC7: =IF(AND(C7>D7,D7>E7),"TOR > SM > BNN",IF(AND(C7>E7,E7>D7),"TOR > BNN > SM",IF(AND(D7>C7,C7>E7),"SM > TOR > BNN",IF(AND(D7>E7,E7>C7),"SM > BNN > TOR",IF(AND(C7=D7,D7=E7),"TOR = SM = BNN","Comb. diferentes"))))) -> SM > BNN > TOR | BD7: =IF(OR(AE7="",AQ7="-"),"",IF(AE7<=0.25,"Tipo 1 (≤0,25) uT",IF(AE7<=0.5,"Tipo 2 (0,25-0,50) uT",IF(AE7<=0.75,"Tipo 3 (0,50-0,75) uT","Tipo 4 (>0,75) uT")))) -> Tipo 2 (0,25-0,50) uT | BE7: =IF(OR(AP7="",AZ7="-"),"",IF(AP7<=0.25,"Tipo 1 (≤0,25) uT",IF(AP7<=0.5,"Tipo 2 (0,25-0,50) uT",IF(AP7<=0.75,"Tipo 3 (0,50-0,75) uT","Tipo 4 (>0,75) uT")))) -> Tipo 2 (0,25-0,50) uT | BF7: =IF(OR(AF7="",AQ7="-"),"",IF(AF7<=0.25,"Tipo 1 (≤0,25) uT",IF(AF7<=0.5,"Tipo 2 (0,25-0,50) uT",IF(AF7<=0.75,"Tipo 3 (0,50-0,75) uT","Tipo 4 (>0,75) uT")))) -> Tipo 1 (≤0,25) uT | BG7: =IF(OR(AQ7="",AQ7="-"),"",IF(AQ7<=0.25,"Tipo 1 (≤0,25) uT",IF(AQ7<=0.5,"Tipo 2 (0,25-0,50) uT",IF(AQ7<=0.75,"Tipo 3 (0,50-0,75) uT","Tipo 4 (>0,75) uT")))) -> Tipo 1 (≤0,25) uT | BH7: =IF(OR(R7="",R7="-"),"",IF(R7<=0.25,"Tipo 1 (≤0,25) uT",IF(R7<=0.5,"Tipo 2 (0,25-0,50) uT",IF(R7<=0.75,"Tipo 3 (0,50-0,75) uT","Tipo 4 (>0,75) uT")))) -> Tipo 2 (0,25-0,50) uT
A8: 46260 | B8: 0.14583333 | C8: 333 | D8: 1525 | E8: 340 | F8: 2249 | G8: N | H8: 9.8 | I8: -151 | J8: 90 | K8: 90 | L8: 90 | M8: 24.3 | N8: 6.6 | O8: 0.98 | P8: 6 | Q8: 7.4 | R8: 0.3 | S8: 22.36 | T8: 0.88 | U8: 0.7 | V8: =(O8+0.3*H8+2)*(F8/2/Z8) -> 1664.26 | W8: =S8*(U8*AA8*0.987-T8)*AB8 -> 1372.5563 | X8: =W8/V8 -> 0.82472468 | Y8: 3 | Z8: 4 | AA8: 6.5 | AB8: 17 | AC8: 6.3 | AD8: 4.9 | AE8: 0.3 | AF8: 0.18 | AG8: =(O8+0.3*H8+2)*(F8/2/AK8) -> 1664.26 | AH8: =S8*(U8*AL8*0.987-T8)*AM8 -> 1775.2652 | AI8: =AH8/AG8 -> 1.0666995 | AJ8: 3 | AK8: 4 | AL8: 6.27 | AM8: 23 | AN8: 6.2 | AO8: 3.8 | AP8: 0.3 | AQ8: 0.21 | AR8: =SUM(C8:E8) -> 2198 | AS8: =C8/AR8 -> 0.15150136 | AT8: =D8/AR8 -> 0.69381256 | AU8: =E8/AR8 -> 0.15468608 | AV8: =IF(AND(F8<>"",Z8<>""),AB8/(F8/2/Z8),"") -> 0.060471321 | AW8: =IF(AND(F8<>"",AK8<>""),AM8/(F8/2/AK8),"") -> 0.08181414 | AX8: =IF(AND(AQ8<>"",1-(AQ8/O8)>0),1-(AQ8/O8),"") -> 0.78571429 | AY8: =IF(AND(AF8<>"",1-(AF8/O8)>0),1-(AF8/O8),"") -> 0.81632653 | AZ8: =IF(Q8="","",IF(Q8<2.5,"Alc. Bruta < 2,5 mg/L",IF(Q8<5,"2,5 ≤ Alc. Bruta < 5,0 mg/L",IF(Q8<7.5,"5,0 ≤ Alc. Bruta < 7,5 mg/L",IF(Q8<10,"7,5 ≤ Alc. Bruta < 10,0 mg/L",IF(Q8<15,"10,0 ≤ Alca. Bruta < 15,0 mg/L","Alc. Bruta > 15 mg/L")))))) -> 5,0 ≤ Alc. Bruta < 7,5 mg/L | BA8: =IF(P8="","",IF(P8<5,"Cor <5 uC",IF(P8<10,"5 ≤ Cor < 10 uC",IF(P8<15,"10 ≤ Cor <15 uC",IF(P8<30,"15 ≤ Cor < 30 uC",IF(P8<50,"30 ≤ Cor < 50 uC","Cor > 50 uC")))))) -> 5 ≤ Cor < 10 uC | BB8: =IF(O8="","",IF(O8<2.5,"Turbidez < 2,5 uT",IF(O8<5,"2,5 ≤ Turb < 5,0 uT",IF(O8<7.5,"5,0 ≤ Turb < 7,5 uT",IF(O8<10,"7,5 ≤ Turb < 10,0 uT",IF(O8<15,"10,0 ≤ Turb < 15,0 uT","Turb > 15 uT")))))) -> Turbidez < 2,5 uT | BC8: =IF(AND(C8>D8,D8>E8),"TOR > SM > BNN",IF(AND(C8>E8,E8>D8),"TOR > BNN > SM",IF(AND(D8>C8,C8>E8),"SM > TOR > BNN",IF(AND(D8>E8,E8>C8),"SM > BNN > TOR",IF(AND(C8=D8,D8=E8),"TOR = SM = BNN","Comb. diferentes"))))) -> SM > BNN > TOR | BD8: =IF(OR(AE8="",AQ8="-"),"",IF(AE8<=0.25,"Tipo 1 (≤0,25) uT",IF(AE8<=0.5,"Tipo 2 (0,25-0,50) uT",IF(AE8<=0.75,"Tipo 3 (0,50-0,75) uT","Tipo 4 (>0,75) uT")))) -> Tipo 2 (0,25-0,50) uT | BE8: =IF(OR(AP8="",AZ8="-"),"",IF(AP8<=0.25,"Tipo 1 (≤0,25) uT",IF(AP8<=0.5,"Tipo 2 (0,25-0,50) uT",IF(AP8<=0.75,"Tipo 3 (0,50-0,75) uT","Tipo 4 (>0,75) uT")))) -> Tipo 2 (0,25-0,50) uT | BF8: =IF(OR(AF8="",AQ8="-"),"",IF(AF8<=0.25,"Tipo 1 (≤0,25) uT",IF(AF8<=0.5,"Tipo 2 (0,25-0,50) uT",IF(AF8<=0.75,"Tipo 3 (0,50-0,75) uT","Tipo 4 (>0,75) uT")))) -> Tipo 1 (≤0,25) uT | BG8: =IF(OR(AQ8="",AQ8="-"),"",IF(AQ8<=0.25,"Tipo 1 (≤0,25) uT",IF(AQ8<=0.5,"Tipo 2 (0,25-0,50) uT",IF(AQ8<=0.75,"Tipo 3 (0,50-0,75) uT","Tipo 4 (>0,75) uT")))) -> Tipo 1 (≤0,25) uT | BH8: =IF(OR(R8="",R8="-"),"",IF(R8<=0.25,"Tipo 1 (≤0,25) uT",IF(R8<=0.5,"Tipo 2 (0,25-0,50) uT",IF(R8<=0.75,"Tipo 3 (0,50-0,75) uT","Tipo 4 (>0,75) uT")))) -> Tipo 2 (0,25-0,50) uT
A9: 46260 | B9: 0.22916667 | C9: 335 | D9: 1545 | E9: 349 | F9: 2320 | G9: N | H9: 9.8 | I9: -145 | J9: 90 | K9: 90 | L9: 90 | M9: 24.2 | N9: 6.6 | O9: 0.87 | P9: 5 | Q9: 7 | R9: 0.34 | S9: 22.36 | T9: 0.88 | U9: 0.7 | V9: =(O9+0.3*H9+2)*(F9/2/Z9) -> 1684.9 | W9: =S9*(U9*AA9*0.987-T9)*AB9 -> 1375.1826 | X9: =W9/V9 -> 0.81618052 | Y9: 3 | Z9: 4 | AA9: 6.51 | AB9: 17 | AC9: 6.3 | AD9: 5.1 | AE9: 0.3 | AF9: 0.2 | AG9: =(O9+0.3*H9+2)*(F9/2/AK9) -> 1684.9 | AH9: =S9*(U9*AL9*0.987-T9)*AM9 -> 1775.2652 | AI9: =AH9/AG9 -> 1.0536324 | AJ9: 3 | AK9: 4 | AL9: 6.27 | AM9: 23 | AN9: 6.2 | AO9: 4.3 | AP9: 0.27 | AQ9: 0.25 | AR9: =SUM(C9:E9) -> 2229 | AS9: =C9/AR9 -> 0.15029161 | AT9: =D9/AR9 -> 0.69313594 | AU9: =E9/AR9 -> 0.15657245 | AV9: =IF(AND(F9<>"",Z9<>""),AB9/(F9/2/Z9),"") -> 0.05862069 | AW9: =IF(AND(F9<>"",AK9<>""),AM9/(F9/2/AK9),"") -> 0.079310345 | AX9: =IF(AND(AQ9<>"",1-(AQ9/O9)>0),1-(AQ9/O9),"") -> 0.71264368 | AY9: =IF(AND(AF9<>"",1-(AF9/O9)>0),1-(AF9/O9),"") -> 0.77011494 | AZ9: =IF(Q9="","",IF(Q9<2.5,"Alc. Bruta < 2,5 mg/L",IF(Q9<5,"2,5 ≤ Alc. Bruta < 5,0 mg/L",IF(Q9<7.5,"5,0 ≤ Alc. Bruta < 7,5 mg/L",IF(Q9<10,"7,5 ≤ Alc. Bruta < 10,0 mg/L",IF(Q9<15,"10,0 ≤ Alca. Bruta < 15,0 mg/L","Alc. Bruta > 15 mg/L")))))) -> 5,0 ≤ Alc. Bruta < 7,5 mg/L | BA9: =IF(P9="","",IF(P9<5,"Cor <5 uC",IF(P9<10,"5 ≤ Cor < 10 uC",IF(P9<15,"10 ≤ Cor <15 uC",IF(P9<30,"15 ≤ Cor < 30 uC",IF(P9<50,"30 ≤ Cor < 50 uC","Cor > 50 uC")))))) -> 5 ≤ Cor < 10 uC | BB9: =IF(O9="","",IF(O9<2.5,"Turbidez < 2,5 uT",IF(O9<5,"2,5 ≤ Turb < 5,0 uT",IF(O9<7.5,"5,0 ≤ Turb < 7,5 uT",IF(O9<10,"7,5 ≤ Turb < 10,0 uT",IF(O9<15,"10,0 ≤ Turb < 15,0 uT","Turb > 15 uT")))))) -> Turbidez < 2,5 uT | BC9: =IF(AND(C9>D9,D9>E9),"TOR > SM > BNN",IF(AND(C9>E9,E9>D9),"TOR > BNN > SM",IF(AND(D9>C9,C9>E9),"SM > TOR > BNN",IF(AND(D9>E9,E9>C9),"SM > BNN > TOR",IF(AND(C9=D9,D9=E9),"TOR = SM = BNN","Comb. diferentes"))))) -> SM > BNN > TOR | BD9: =IF(OR(AE9="",AQ9="-"),"",IF(AE9<=0.25,"Tipo 1 (≤0,25) uT",IF(AE9<=0.5,"Tipo 2 (0,25-0,50) uT",IF(AE9<=0.75,"Tipo 3 (0,50-0,75) uT","Tipo 4 (>0,75) uT")))) -> Tipo 2 (0,25-0,50) uT | BE9: =IF(OR(AP9="",AZ9="-"),"",IF(AP9<=0.25,"Tipo 1 (≤0,25) uT",IF(AP9<=0.5,"Tipo 2 (0,25-0,50) uT",IF(AP9<=0.75,"Tipo 3 (0,50-0,75) uT","Tipo 4 (>0,75) uT")))) -> Tipo 2 (0,25-0,50) uT | BF9: =IF(OR(AF9="",AQ9="-"),"",IF(AF9<=0.25,"Tipo 1 (≤0,25) uT",IF(AF9<=0.5,"Tipo 2 (0,25-0,50) uT",IF(AF9<=0.75,"Tipo 3 (0,50-0,75) uT","Tipo 4 (>0,75) uT")))) -> Tipo 1 (≤0,25) uT | BG9: =IF(OR(AQ9="",AQ9="-"),"",IF(AQ9<=0.25,"Tipo 1 (≤0,25) uT",IF(AQ9<=0.5,"Tipo 2 (0,25-0,50) uT",IF(AQ9<=0.75,"Tipo 3 (0,50-0,75) uT","Tipo 4 (>0,75) uT")))) -> Tipo 1 (≤0,25) uT | BH9: =IF(OR(R9="",R9="-"),"",IF(R9<=0.25,"Tipo 1 (≤0,25) uT",IF(R9<=0.5,"Tipo 2 (0,25-0,50) uT",IF(R9<=0.75,"Tipo 3 (0,50-0,75) uT","Tipo 4 (>0,75) uT")))) -> Tipo 2 (0,25-0,50) uT
A10: 46260 | B10: 0.3125 | C10: 317 | D10: 1510 | E10: 350 | F10: 2320 | G10: N | H10: 9.8 | I10: -150.8 | J10: 90 | K10: 90 | L10: 90 | M10: 24.9 | N10: 6.4 | O10: 0.97 | P10: 7 | Q10: 6.9 | R10: 0.39 | S10: 22.36 | T10: 0.88 | U10: 0.7 | V10: =(O10+0.3*H10+2)*(F10/2/Z10) -> 2285.2 | W10: =S10*(U10*AA10*0.987-T10)*AB10 -> 1372.5563 | X10: =W10/V10 -> 0.60062852 | Y10: 3 | Z10: 3 | AA10: 6.5 | AB10: 17 | AC10: 6.2 | AD10: 4.9 | AE10: 0.29 | AF10: 0.23 | AG10: =(O10+0.3*H10+2)*(F10/2/AK10) -> 2285.2 | AH10: =S10*(U10*AL10*0.987-T10)*AM10 -> 1768.1589 | AI10: =AH10/AG10 -> 0.77374362 | AJ10: 3 | AK10: 3 | AL10: 6.25 | AM10: 23 | AN10: 6.2 | AO10: 6 | AP10: 0.38 | AQ10: 0.26 | AR10: =SUM(C10:E10) -> 2177 | AS10: =C10/AR10 -> 0.14561323 | AT10: =D10/AR10 -> 0.69361507 | AU10: =E10/AR10 -> 0.1607717 | AV10: =IF(AND(F10<>"",Z10<>""),AB10/(F10/2/Z10),"") -> 0.043965517 | AW10: =IF(AND(F10<>"",AK10<>""),AM10/(F10/2/AK10),"") -> 0.059482759 | AX10: =IF(AND(AQ10<>"",1-(AQ10/O10)>0),1-(AQ10/O10),"") -> 0.73195876 | AY10: =IF(AND(AF10<>"",1-(AF10/O10)>0),1-(AF10/O10),"") -> 0.7628866 | AZ10: =IF(Q10="","",IF(Q10<2.5,"Alc. Bruta < 2,5 mg/L",IF(Q10<5,"2,5 ≤ Alc. Bruta < 5,0 mg/L",IF(Q10<7.5,"5,0 ≤ Alc. Bruta < 7,5 mg/L",IF(Q10<10,"7,5 ≤ Alc. Bruta < 10,0 mg/L",IF(Q10<15,"10,0 ≤ Alca. Bruta < 15,0 mg/L","Alc. Bruta > 15 mg/L")))))) -> 5,0 ≤ Alc. Bruta < 7,5 mg/L | BA10: =IF(P10="","",IF(P10<5,"Cor <5 uC",IF(P10<10,"5 ≤ Cor < 10 uC",IF(P10<15,"10 ≤ Cor <15 uC",IF(P10<30,"15 ≤ Cor < 30 uC",IF(P10<50,"30 ≤ Cor < 50 uC","Cor > 50 uC")))))) -> 5 ≤ Cor < 10 uC | BB10: =IF(O10="","",IF(O10<2.5,"Turbidez < 2,5 uT",IF(O10<5,"2,5 ≤ Turb < 5,0 uT",IF(O10<7.5,"5,0 ≤ Turb < 7,5 uT",IF(O10<10,"7,5 ≤ Turb < 10,0 uT",IF(O10<15,"10,0 ≤ Turb < 15,0 uT","Turb > 15 uT")))))) -> Turbidez < 2,5 uT | BC10: =IF(AND(C10>D10,D10>E10),"TOR > SM > BNN",IF(AND(C10>E10,E10>D10),"TOR > BNN > SM",IF(AND(D10>C10,C10>E10),"SM > TOR > BNN",IF(AND(D10>E10,E10>C10),"SM > BNN > TOR",IF(AND(C10=D10,D10=E10),"TOR = SM = BNN","Comb. diferentes"))))) -> SM > BNN > TOR | BD10: =IF(OR(AE10="",AQ10="-"),"",IF(AE10<=0.25,"Tipo 1 (≤0,25) uT",IF(AE10<=0.5,"Tipo 2 (0,25-0,50) uT",IF(AE10<=0.75,"Tipo 3 (0,50-0,75) uT","Tipo 4 (>0,75) uT")))) -> Tipo 2 (0,25-0,50) uT | BE10: =IF(OR(AP10="",AZ10="-"),"",IF(AP10<=0.25,"Tipo 1 (≤0,25) uT",IF(AP10<=0.5,"Tipo 2 (0,25-0,50) uT",IF(AP10<=0.75,"Tipo 3 (0,50-0,75) uT","Tipo 4 (>0,75) uT")))) -> Tipo 2 (0,25-0,50) uT | BF10: =IF(OR(AF10="",AQ10="-"),"",IF(AF10<=0.25,"Tipo 1 (≤0,25) uT",IF(AF10<=0.5,"Tipo 2 (0,25-0,50) uT",IF(AF10<=0.75,"Tipo 3 (0,50-0,75) uT","Tipo 4 (>0,75) uT")))) -> Tipo 1 (≤0,25) uT | BG10: =IF(OR(AQ10="",AQ10="-"),"",IF(AQ10<=0.25,"Tipo 1 (≤0,25) uT",IF(AQ10<=0.5,"Tipo 2 (0,25-0,50) uT",IF(AQ10<=0.75,"Tipo 3 (0,50-0,75) uT","Tipo 4 (>0,75) uT")))) -> Tipo 2 (0,25-0,50) uT | BH10: =IF(OR(R10="",R10="-"),"",IF(R10<=0.25,"Tipo 1 (≤0,25) uT",IF(R10<=0.5,"Tipo 2 (0,25-0,50) uT",IF(R10<=0.75,"Tipo 3 (0,50-0,75) uT","Tipo 4 (>0,75) uT")))) -> Tipo 2 (0,25-0,50) uT
A11: 46260 | B11: 0.47916667 | C11: 295 | D11: 1560 | E11: 349 | F11: 2150 | G11: N | H11: 10.8 | I11: -154 | J11: 90 | K11: 90 | L11: 90 | M11: 26.1 | N11: 6.5 | O11: 0.96 | P11: 5 | Q11: 8 | R11: 0.24 | S11: 22.36 | T11: 0.88 | U11: 0.7 | V11: =(O11+0.3*H11+2)*(F11/2/Z11) -> 2221.6667 | W11: =S11*(U11*AA11*0.987-T11)*AB11 -> 1372.5563 | X11: =W11/V11 -> 0.61780479 | Y11: 3 | Z11: 3 | AA11: 6.5 | AB11: 17 | AC11: 6.2 | AD11: 5.2 | AE11: 0.26 | AF11: 0.17 | AG11: =(O11+0.3*H11+2)*(F11/2/AK11) -> 2221.6667 | AH11: =S11*(U11*AL11*0.987-T11)*AM11 -> 1750.3931 | AI11: =AH11/AG11 -> 0.78787387 | AJ11: 3 | AK11: 3 | AL11: 6.2 | AM11: 23 | AN11: 6.1 | AO11: 5.4 | AP11: 0.27 | AQ11: 0.19 | AR11: =SUM(C11:E11) -> 2204 | AS11: =C11/AR11 -> 0.13384755 | AT11: =D11/AR11 -> 0.70780399 | AU11: =E11/AR11 -> 0.15834846 | AV11: =IF(AND(F11<>"",Z11<>""),AB11/(F11/2/Z11),"") -> 0.04744186 | AW11: =IF(AND(F11<>"",AK11<>""),AM11/(F11/2/AK11),"") -> 0.064186047 | AX11: =IF(AND(AQ11<>"",1-(AQ11/O11)>0),1-(AQ11/O11),"") -> 0.80208333 | AY11: =IF(AND(AF11<>"",1-(AF11/O11)>0),1-(AF11/O11),"") -> 0.82291667 | AZ11: =IF(Q11="","",IF(Q11<2.5,"Alc. Bruta < 2,5 mg/L",IF(Q11<5,"2,5 ≤ Alc. Bruta < 5,0 mg/L",IF(Q11<7.5,"5,0 ≤ Alc. Bruta < 7,5 mg/L",IF(Q11<10,"7,5 ≤ Alc. Bruta < 10,0 mg/L",IF(Q11<15,"10,0 ≤ Alca. Bruta < 15,0 mg/L","Alc. Bruta > 15 mg/L")))))) -> 7,5 ≤ Alc. Bruta < 10,0 mg/L | BA11: =IF(P11="","",IF(P11<5,"Cor <5 uC",IF(P11<10,"5 ≤ Cor < 10 uC",IF(P11<15,"10 ≤ Cor <15 uC",IF(P11<30,"15 ≤ Cor < 30 uC",IF(P11<50,"30 ≤ Cor < 50 uC","Cor > 50 uC")))))) -> 5 ≤ Cor < 10 uC | BB11: =IF(O11="","",IF(O11<2.5,"Turbidez < 2,5 uT",IF(O11<5,"2,5 ≤ Turb < 5,0 uT",IF(O11<7.5,"5,0 ≤ Turb < 7,5 uT",IF(O11<10,"7,5 ≤ Turb < 10,0 uT",IF(O11<15,"10,0 ≤ Turb < 15,0 uT","Turb > 15 uT")))))) -> Turbidez < 2,5 uT | BC11: =IF(AND(C11>D11,D11>E11),"TOR > SM > BNN",IF(AND(C11>E11,E11>D11),"TOR > BNN > SM",IF(AND(D11>C11,C11>E11),"SM > TOR > BNN",IF(AND(D11>E11,E11>C11),"SM > BNN > TOR",IF(AND(C11=D11,D11=E11),"TOR = SM = BNN","Comb. diferentes"))))) -> SM > BNN > TOR | BD11: =IF(OR(AE11="",AQ11="-"),"",IF(AE11<=0.25,"Tipo 1 (≤0,25) uT",IF(AE11<=0.5,"Tipo 2 (0,25-0,50) uT",IF(AE11<=0.75,"Tipo 3 (0,50-0,75) uT","Tipo 4 (>0,75) uT")))) -> Tipo 2 (0,25-0,50) uT | BE11: =IF(OR(AP11="",AZ11="-"),"",IF(AP11<=0.25,"Tipo 1 (≤0,25) uT",IF(AP11<=0.5,"Tipo 2 (0,25-0,50) uT",IF(AP11<=0.75,"Tipo 3 (0,50-0,75) uT","Tipo 4 (>0,75) uT")))) -> Tipo 2 (0,25-0,50) uT | BF11: =IF(OR(AF11="",AQ11="-"),"",IF(AF11<=0.25,"Tipo 1 (≤0,25) uT",IF(AF11<=0.5,"Tipo 2 (0,25-0,50) uT",IF(AF11<=0.75,"Tipo 3 (0,50-0,75) uT","Tipo 4 (>0,75) uT")))) -> Tipo 1 (≤0,25) uT | BG11: =IF(OR(AQ11="",AQ11="-"),"",IF(AQ11<=0.25,"Tipo 1 (≤0,25) uT",IF(AQ11<=0.5,"Tipo 2 (0,25-0,50) uT",IF(AQ11<=0.75,"Tipo 3 (0,50-0,75) uT","Tipo 4 (>0,75) uT")))) -> Tipo 1 (≤0,25) uT | BH11: =IF(OR(R11="",R11="-"),"",IF(R11<=0.25,"Tipo 1 (≤0,25) uT",IF(R11<=0.5,"Tipo 2 (0,25-0,50) uT",IF(R11<=0.75,"Tipo 3 (0,50-0,75) uT","Tipo 4 (>0,75) uT")))) -> Tipo 1 (≤0,25) uT
A12: 46260 | B12: 0.64583333 | C12: 320 | D12: 1505 | E12: 350 | F12: 2155 | G12: N | H12: 10.8 | I12: -154 | J12: 90 | K12: 90 | L12: 90 | M12: 27.2 | N12: 6.4 | O12: 0.9 | P12: 6 | Q12: 7.6 | R12: 0.23 | S12: 22.36 | T12: 0.88 | U12: 0.7 | V12: =(O12+0.3*H12+2)*(F12/2/Z12) -> 2205.2833 | W12: =S12*(U12*AA12*0.987-T12)*AB12 -> 1372.5563 | X12: =W12/V12 -> 0.62239454 | Y12: 3 | Z12: 3 | AA12: 6.5 | AB12: 17 | AC12: 6.4 | AD12: 6 | AE12: 0.23 | AF12: 0.153 | AG12: =(O12+0.3*H12+2)*(F12/2/AK12) -> 2205.2833 | AH12: =S12*(U12*AL12*0.987-T12)*AM12 -> 1714.8615 | AI12: =AH12/AG12 -> 0.77761505 | AJ12: 3 | AK12: 3 | AL12: 6.1 | AM12: 23 | AN12: 5.2 | AO12: 2.6 | AP12: 0.15 | AQ12: 0.18 | AR12: =SUM(C12:E12) -> 2175 | AS12: =C12/AR12 -> 0.14712644 | AT12: =D12/AR12 -> 0.69195402 | AU12: =E12/AR12 -> 0.16091954 | AV12: =IF(AND(F12<>"",Z12<>""),AB12/(F12/2/Z12),"") -> 0.047331787 | AW12: =IF(AND(F12<>"",AK12<>""),AM12/(F12/2/AK12),"") -> 0.064037123 | AX12: =IF(AND(AQ12<>"",1-(AQ12/O12)>0),1-(AQ12/O12),"") -> 0.8 | AY12: =IF(AND(AF12<>"",1-(AF12/O12)>0),1-(AF12/O12),"") -> 0.83 | AZ12: =IF(Q12="","",IF(Q12<2.5,"Alc. Bruta < 2,5 mg/L",IF(Q12<5,"2,5 ≤ Alc. Bruta < 5,0 mg/L",IF(Q12<7.5,"5,0 ≤ Alc. Bruta < 7,5 mg/L",IF(Q12<10,"7,5 ≤ Alc. Bruta < 10,0 mg/L",IF(Q12<15,"10,0 ≤ Alca. Bruta < 15,0 mg/L","Alc. Bruta > 15 mg/L")))))) -> 7,5 ≤ Alc. Bruta < 10,0 mg/L | BA12: =IF(P12="","",IF(P12<5,"Cor <5 uC",IF(P12<10,"5 ≤ Cor < 10 uC",IF(P12<15,"10 ≤ Cor <15 uC",IF(P12<30,"15 ≤ Cor < 30 uC",IF(P12<50,"30 ≤ Cor < 50 uC","Cor > 50 uC")))))) -> 5 ≤ Cor < 10 uC | BB12: =IF(O12="","",IF(O12<2.5,"Turbidez < 2,5 uT",IF(O12<5,"2,5 ≤ Turb < 5,0 uT",IF(O12<7.5,"5,0 ≤ Turb < 7,5 uT",IF(O12<10,"7,5 ≤ Turb < 10,0 uT",IF(O12<15,"10,0 ≤ Turb < 15,0 uT","Turb > 15 uT")))))) -> Turbidez < 2,5 uT | BC12: =IF(AND(C12>D12,D12>E12),"TOR > SM > BNN",IF(AND(C12>E12,E12>D12),"TOR > BNN > SM",IF(AND(D12>C12,C12>E12),"SM > TOR > BNN",IF(AND(D12>E12,E12>C12),"SM > BNN > TOR",IF(AND(C12=D12,D12=E12),"TOR = SM = BNN","Comb. diferentes"))))) -> SM > BNN > TOR | BD12: =IF(OR(AE12="",AQ12="-"),"",IF(AE12<=0.25,"Tipo 1 (≤0,25) uT",IF(AE12<=0.5,"Tipo 2 (0,25-0,50) uT",IF(AE12<=0.75,"Tipo 3 (0,50-0,75) uT","Tipo 4 (>0,75) uT")))) -> Tipo 1 (≤0,25) uT | BE12: =IF(OR(AP12="",AZ12="-"),"",IF(AP12<=0.25,"Tipo 1 (≤0,25) uT",IF(AP12<=0.5,"Tipo 2 (0,25-0,50) uT",IF(AP12<=0.75,"Tipo 3 (0,50-0,75) uT","Tipo 4 (>0,75) uT")))) -> Tipo 1 (≤0,25) uT | BF12: =IF(OR(AF12="",AQ12="-"),"",IF(AF12<=0.25,"Tipo 1 (≤0,25) uT",IF(AF12<=0.5,"Tipo 2 (0,25-0,50) uT",IF(AF12<=0.75,"Tipo 3 (0,50-0,75) uT","Tipo 4 (>0,75) uT")))) -> Tipo 1 (≤0,25) uT | BG12: =IF(OR(AQ12="",AQ12="-"),"",IF(AQ12<=0.25,"Tipo 1 (≤0,25) uT",IF(AQ12<=0.5,"Tipo 2 (0,25-0,50) uT",IF(AQ12<=0.75,"Tipo 3 (0,50-0,75) uT","Tipo 4 (>0,75) uT")))) -> Tipo 1 (≤0,25) uT | BH12: =IF(OR(R12="",R12="-"),"",IF(R12<=0.25,"Tipo 1 (≤0,25) uT",IF(R12<=0.5,"Tipo 2 (0,25-0,50) uT",IF(R12<=0.75,"Tipo 3 (0,50-0,75) uT","Tipo 4 (>0,75) uT")))) -> Tipo 1 (≤0,25) uT
A13: 46260 | B13: 0.72916667 | C13: 310 | D13: 1554 | E13: 349 | F13: 2250 | G13: N | H13: 10 | I13: -154 | J13: 90 | K13: 90 | L13: 90 | M13: 25.9 | N13: 6.4 | O13: 0.99 | P13: 7 | Q13: 6.8 | R13: 0.15 | S13: 22.36 | T13: 0.88 | U13: 0.7 | V13: =(O13+0.3*H13+2)*(F13/2/Z13) -> 2246.25 | W13: =S13*(U13*AA13*0.987-T13)*AB13 -> 1372.5563 | X13: =W13/V13 -> 0.61104343 | Y13: 3 | Z13: 3 | AA13: 6.5 | AB13: 17 | AC13: 6.2 | AD13: 5 | AE13: 0.19 | AF13: 0.14 | AG13: =(O13+0.3*H13+2)*(F13/2/AK13) -> 2246.25 | AH13: =S13*(U13*AL13*0.987-T13)*AM13 -> 1750.3931 | AI13: =AH13/AG13 -> 0.77925125 | AJ13: 3 | AK13: 3 | AL13: 6.2 | AM13: 23 | AN13: 6.1 | AO13: 5.8 | AP13: 0.22 | AQ13: 0.17 | AR13: =SUM(C13:E13) -> 2213 | AS13: =C13/AR13 -> 0.14008134 | AT13: =D13/AR13 -> 0.70221419 | AU13: =E13/AR13 -> 0.15770447 | AV13: =IF(AND(F13<>"",Z13<>""),AB13/(F13/2/Z13),"") -> 0.045333333 | AW13: =IF(AND(F13<>"",AK13<>""),AM13/(F13/2/AK13),"") -> 0.061333333 | AX13: =IF(AND(AQ13<>"",1-(AQ13/O13)>0),1-(AQ13/O13),"") -> 0.82828283 | AY13: =IF(AND(AF13<>"",1-(AF13/O13)>0),1-(AF13/O13),"") -> 0.85858586 | AZ13: =IF(Q13="","",IF(Q13<2.5,"Alc. Bruta < 2,5 mg/L",IF(Q13<5,"2,5 ≤ Alc. Bruta < 5,0 mg/L",IF(Q13<7.5,"5,0 ≤ Alc. Bruta < 7,5 mg/L",IF(Q13<10,"7,5 ≤ Alc. Bruta < 10,0 mg/L",IF(Q13<15,"10,0 ≤ Alca. Bruta < 15,0 mg/L","Alc. Bruta > 15 mg/L")))))) -> 5,0 ≤ Alc. Bruta < 7,5 mg/L | BA13: =IF(P13="","",IF(P13<5,"Cor <5 uC",IF(P13<10,"5 ≤ Cor < 10 uC",IF(P13<15,"10 ≤ Cor <15 uC",IF(P13<30,"15 ≤ Cor < 30 uC",IF(P13<50,"30 ≤ Cor < 50 uC","Cor > 50 uC")))))) -> 5 ≤ Cor < 10 uC | BB13: =IF(O13="","",IF(O13<2.5,"Turbidez < 2,5 uT",IF(O13<5,"2,5 ≤ Turb < 5,0 uT",IF(O13<7.5,"5,0 ≤ Turb < 7,5 uT",IF(O13<10,"7,5 ≤ Turb < 10,0 uT",IF(O13<15,"10,0 ≤ Turb < 15,0 uT","Turb > 15 uT")))))) -> Turbidez < 2,5 uT | BC13: =IF(AND(C13>D13,D13>E13),"TOR > SM > BNN",IF(AND(C13>E13,E13>D13),"TOR > BNN > SM",IF(AND(D13>C13,C13>E13),"SM > TOR > BNN",IF(AND(D13>E13,E13>C13),"SM > BNN > TOR",IF(AND(C13=D13,D13=E13),"TOR = SM = BNN","Comb. diferentes"))))) -> SM > BNN > TOR | BD13: =IF(OR(AE13="",AQ13="-"),"",IF(AE13<=0.25,"Tipo 1 (≤0,25) uT",IF(AE13<=0.5,"Tipo 2 (0,25-0,50) uT",IF(AE13<=0.75,"Tipo 3 (0,50-0,75) uT","Tipo 4 (>0,75) uT")))) -> Tipo 1 (≤0,25) uT | BE13: =IF(OR(AP13="",AZ13="-"),"",IF(AP13<=0.25,"Tipo 1 (≤0,25) uT",IF(AP13<=0.5,"Tipo 2 (0,25-0,50) uT",IF(AP13<=0.75,"Tipo 3 (0,50-0,75) uT","Tipo 4 (>0,75) uT")))) -> Tipo 1 (≤0,25) uT | BF13: =IF(OR(AF13="",AQ13="-"),"",IF(AF13<=0.25,"Tipo 1 (≤0,25) uT",IF(AF13<=0.5,"Tipo 2 (0,25-0,50) uT",IF(AF13<=0.75,"Tipo 3 (0,50-0,75) uT","Tipo 4 (>0,75) uT")))) -> Tipo 1 (≤0,25) uT | BG13: =IF(OR(AQ13="",AQ13="-"),"",IF(AQ13<=0.25,"Tipo 1 (≤0,25) uT",IF(AQ13<=0.5,"Tipo 2 (0,25-0,50) uT",IF(AQ13<=0.75,"Tipo 3 (0,50-0,75) uT","Tipo 4 (>0,75) uT")))) -> Tipo 1 (≤0,25) uT | BH13: =IF(OR(R13="",R13="-"),"",IF(R13<=0.25,"Tipo 1 (≤0,25) uT",IF(R13<=0.5,"Tipo 2 (0,25-0,50) uT",IF(R13<=0.75,"Tipo 3 (0,50-0,75) uT","Tipo 4 (>0,75) uT")))) -> Tipo 1 (≤0,25) uT
... A28: 46262 | B28: 0.22916667 | C28: 407 | D28: 894 | E28: 235 | F28: 1624 | G28: N | H28: 10 | I28: -151 | J28: 90 | K28: 90 | L28: 90 | M28: 24.6 | N28: 6.6 | O28: 1.72 | P28: 10 | Q28: 5.3 | R28: 0.07 | S28: 22.36 | T28: 0.88 | U28: 0.7 | V28: =(O28+0.3*H28+2)*(F28/2/Z28) -> 1364.16 | W28: =S28*(U28*AA28*0.987-T28)*AB28 -> 1372.5563 | X28: =W28/V28 -> 1.0061549 | Y28: 2 | Z28: 4 | AA28: 6.5 | AB28: 17 | AC28: 5.9 | AD28: 4.7 | AE28: 0.18 | AF28: 0.14 | AG28: =(O28+0.3*H28+2)*(F28/2/AK28) -> 1364.16 | AH28: =S28*(U28*AL28*0.987-T28)*AM28 -> 1785.9247 | AI28: =AH28/AG28 -> 1.3091754 | AJ28: 2 | AK28: 4 | AL28: 6.3 | AM28: 23 | AN28: 5.8 | AO28: 4.4 | AP28: 0.16 | AQ28: 0.21 | AR28: =SUM(C28:E28) -> 1536 | AS28: =C28/AR28 -> 0.26497396 | AT28: =D28/AR28 -> 0.58203125 | AU28: =E28/AR28 -> 0.15299479 | AV28: =IF(AND(F28<>"",Z28<>""),AB28/(F28/2/Z28),"") -> 0.083743842 | AW28: =IF(AND(F28<>"",AK28<>""),AM28/(F28/2/AK28),"") -> 0.11330049 | AX28: =IF(AND(AQ28<>"",1-(AQ28/O28)>0),1-(AQ28/O28),"") -> 0.87790698 | AY28: =IF(AND(AF28<>"",1-(AF28/O28)>0),1-(AF28/O28),"") -> 0.91860465 | AZ28: =IF(Q28="","",IF(Q28<2.5,"Alc. Bruta < 2,5 mg/L",IF(Q28<5,"2,5 ≤ Alc. Bruta < 5,0 mg/L",IF(Q28<7.5,"5,0 ≤ Alc. Bruta < 7,5 mg/L",IF(Q28<10,"7,5 ≤ Alc. Bruta < 10,0 mg/L",IF(Q28<15,"10,0 ≤ Alca. Bruta < 15,0 mg/L","Alc. Bruta > 15 mg/L")))))) -> 5,0 ≤ Alc. Bruta < 7,5 mg/L | BA28: =IF(P28="","",IF(P28<5,"Cor <5 uC",IF(P28<10,"5 ≤ Cor < 10 uC",IF(P28<15,"10 ≤ Cor <15 uC",IF(P28<30,"15 ≤ Cor < 30 uC",IF(P28<50,"30 ≤ Cor < 50 uC","Cor > 50 uC")))))) -> 10 ≤ Cor <15 uC | BB28: =IF(O28="","",IF(O28<2.5,"Turbidez < 2,5 uT",IF(O28<5,"2,5 ≤ Turb < 5,0 uT",IF(O28<7.5,"5,0 ≤ Turb < 7,5 uT",IF(O28<10,"7,5 ≤ Turb < 10,0 uT",IF(O28<15,"10,0 ≤ Turb < 15,0 uT","Turb > 15 uT")))))) -> Turbidez < 2,5 uT | BC28: =IF(AND(C28>D28,D28>E28),"TOR > SM > BNN",IF(AND(C28>E28,E28>D28),"TOR > BNN > SM",IF(AND(D28>C28,C28>E28),"SM > TOR > BNN",IF(AND(D28>E28,E28>C28),"SM > BNN > TOR",IF(AND(C28=D28,D28=E28),"TOR = SM = BNN","Comb. diferentes"))))) -> SM > TOR > BNN | BD28: =IF(OR(AE28="",AQ28="-"),"",IF(AE28<=0.25,"Tipo 1 (≤0,25) uT",IF(AE28<=0.5,"Tipo 2 (0,25-0,50) uT",IF(AE28<=0.75,"Tipo 3 (0,50-0,75) uT","Tipo 4 (>0,75) uT")))) -> Tipo 1 (≤0,25) uT | BE28: =IF(OR(AP28="",AZ28="-"),"",IF(AP28<=0.25,"Tipo 1 (≤0,25) uT",IF(AP28<=0.5,"Tipo 2 (0,25-0,50) uT",IF(AP28<=0.75,"Tipo 3 (0,50-0,75) uT","Tipo 4 (>0,75) uT")))) -> Tipo 1 (≤0,25) uT | BF28: =IF(OR(AF28="",AQ28="-"),"",IF(AF28<=0.25,"Tipo 1 (≤0,25) uT",IF(AF28<=0.5,"Tipo 2 (0,25-0,50) uT",IF(AF28<=0.75,"Tipo 3 (0,50-0,75) uT","Tipo 4 (>0,75) uT")))) -> Tipo 1 (≤0,25) uT | BG28: =IF(OR(AQ28="",AQ28="-"),"",IF(AQ28<=0.25,"Tipo 1 (≤0,25) uT",IF(AQ28<=0.5,"Tipo 2 (0,25-0,50) uT",IF(AQ28<=0.75,"Tipo 3 (0,50-0,75) uT","Tipo 4 (>0,75) uT")))) -> Tipo 1 (≤0,25) uT | BH28: =IF(OR(R28="",R28="-"),"",IF(R28<=0.25,"Tipo 1 (≤0,25) uT",IF(R28<=0.5,"Tipo 2 (0,25-0,50) uT",IF(R28<=0.75,"Tipo 3 (0,50-0,75) uT","Tipo 4 (>0,75) uT")))) -> Tipo 1 (≤0,25) uT
A29: 46262 | B29: 07:30 | C29: 362 | D29: 999 | E29: 500 | F29: 1864 | G29: N | H29: 9.8 | I29: -152 | J29: 90 | K29: 90 | L29: 90 | M29: 27.8 | N29: 6.5 | O29: 1.08 | P29: 8 | Q29: 7.5 | R29: 0.07 | S29: 22.36 | T29: 0.88 | U29: 0.7 | V29: =(O29+0.3*H29+2)*(F29/2/Z29) -> 1402.66 | W29: =S29*(U29*AA29*0.987-T29)*AB29 -> 1372.5563 | X29: =W29/V29 -> 0.97853814 | Y29: 2 | Z29: 4 | AA29: 6.5 | AB29: 17 | AC29: 6.2 | AD29: 4.1 | AE29: 0.11 | AF29: 0.14 | AG29: =(O29+0.3*H29+2)*(F29/2/AK29) -> 1402.66 | AH29: =S29*(U29*AL29*0.987-T29)*AM29 -> 1785.9247 | AI29: =AH29/AG29 -> 1.2732414 | AJ29: 4 | AK29: 4 | AL29: 6.3 | AM29: 23 | AN29: 6.1 | AO29: 4.6 | AP29: 0.12 | AQ29: 0.17 | AR29: =SUM(C29:E29) -> 1861 | AS29: =C29/AR29 -> 0.19451908 | AT29: =D29/AR29 -> 0.53680817 | AU29: =E29/AR29 -> 0.26867276 | AV29: =IF(AND(F29<>"",Z29<>""),AB29/(F29/2/Z29),"") -> 0.072961373 | AW29: =IF(AND(F29<>"",AK29<>""),AM29/(F29/2/AK29),"") -> 0.098712446 | AX29: =IF(AND(AQ29<>"",1-(AQ29/O29)>0),1-(AQ29/O29),"") -> 0.84259259 | AY29: =IF(AND(AF29<>"",1-(AF29/O29)>0),1-(AF29/O29),"") -> 0.87037037 | AZ29: =IF(Q29="","",IF(Q29<2.5,"Alc. Bruta < 2,5 mg/L",IF(Q29<5,"2,5 ≤ Alc. Bruta < 5,0 mg/L",IF(Q29<7.5,"5,0 ≤ Alc. Bruta < 7,5 mg/L",IF(Q29<10,"7,5 ≤ Alc. Bruta < 10,0 mg/L",IF(Q29<15,"10,0 ≤ Alca. Bruta < 15,0 mg/L","Alc. Bruta > 15 mg/L")))))) -> 7,5 ≤ Alc. Bruta < 10,0 mg/L | BA29: =IF(P29="","",IF(P29<5,"Cor <5 uC",IF(P29<10,"5 ≤ Cor < 10 uC",IF(P29<15,"10 ≤ Cor <15 uC",IF(P29<30,"15 ≤ Cor < 30 uC",IF(P29<50,"30 ≤ Cor < 50 uC","Cor > 50 uC")))))) -> 5 ≤ Cor < 10 uC | BB29: =IF(O29="","",IF(O29<2.5,"Turbidez < 2,5 uT",IF(O29<5,"2,5 ≤ Turb < 5,0 uT",IF(O29<7.5,"5,0 ≤ Turb < 7,5 uT",IF(O29<10,"7,5 ≤ Turb < 10,0 uT",IF(O29<15,"10,0 ≤ Turb < 15,0 uT","Turb > 15 uT")))))) -> Turbidez < 2,5 uT | BC29: =IF(AND(C29>D29,D29>E29),"TOR > SM > BNN",IF(AND(C29>E29,E29>D29),"TOR > BNN > SM",IF(AND(D29>C29,C29>E29),"SM > TOR > BNN",IF(AND(D29>E29,E29>C29),"SM > BNN > TOR",IF(AND(C29=D29,D29=E29),"TOR = SM = BNN","Comb. diferentes"))))) -> SM > BNN > TOR | BD29: =IF(OR(AE29="",AQ29="-"),"",IF(AE29<=0.25,"Tipo 1 (≤0,25) uT",IF(AE29<=0.5,"Tipo 2 (0,25-0,50) uT",IF(AE29<=0.75,"Tipo 3 (0,50-0,75) uT","Tipo 4 (>0,75) uT")))) -> Tipo 1 (≤0,25) uT | BE29: =IF(OR(AP29="",AZ29="-"),"",IF(AP29<=0.25,"Tipo 1 (≤0,25) uT",IF(AP29<=0.5,"Tipo 2 (0,25-0,50) uT",IF(AP29<=0.75,"Tipo 3 (0,50-0,75) uT","Tipo 4 (>0,75) uT")))) -> Tipo 1 (≤0,25) uT | BF29: =IF(OR(AF29="",AQ29="-"),"",IF(AF29<=0.25,"Tipo 1 (≤0,25) uT",IF(AF29<=0.5,"Tipo 2 (0,25-0,50) uT",IF(AF29<=0.75,"Tipo 3 (0,50-0,75) uT","Tipo 4 (>0,75) uT")))) -> Tipo 1 (≤0,25) uT | BG29: =IF(OR(AQ29="",AQ29="-"),"",IF(AQ29<=0.25,"Tipo 1 (≤0,25) uT",IF(AQ29<=0.5,"Tipo 2 (0,25-0,50) uT",IF(AQ29<=0.75,"Tipo 3 (0,50-0,75) uT","Tipo 4 (>0,75) uT")))) -> Tipo 1 (≤0,25) uT | BH29: =IF(OR(R29="",R29="-"),"",IF(R29<=0.25,"Tipo 1 (≤0,25) uT",IF(R29<=0.5,"Tipo 2 (0,25-0,50) uT",IF(R29<=0.75,"Tipo 3 (0,50-0,75) uT","Tipo 4 (>0,75) uT")))) -> Tipo 1 (≤0,25) uT
A30: 46262 | B30: 09:30 | C30: 275 | D30: 1767 | E30: 200 | F30: 2275 | G30: N | H30: 9.8 | I30: -154 | J30: 90 | K30: 90 | L30: 90 | M30: 25.3 | N30: 6.5 | O30: 0.97 | P30: 6 | Q30: 7.9 | R30: 0.06 | S30: 22.36 | T30: 0.88 | U30: 0.7 | V30: =(O30+0.3*H30+2)*(F30/2/Z30) -> 1680.6562 | W30: =S30*(U30*AA30*0.987-T30)*AB30 -> 1372.5563 | X30: =W30/V30 -> 0.81667878 | Y30: 3 | Z30: 4 | AA30: 6.5 | AB30: 17 | AC30: 6.2 | AD30: 4.4 | AE30: 0.13 | AF30: 0.14 | AG30: =(O30+0.3*H30+2)*(F30/2/AK30) -> 1680.6562 | AH30: =S30*(U30*AL30*0.987-T30)*AM30 -> 1750.3931 | AI30: =AH30/AG30 -> 1.0414938 | AJ30: 4 | AK30: 4 | AL30: 6.2 | AM30: 23 | AN30: 6.2 | AO30: 5 | AP30: 0.14 | AQ30: 0.24 | AR30: =SUM(C30:E30) -> 2242 | AS30: =C30/AR30 -> 0.12265834 | AT30: =D30/AR30 -> 0.78813559 | AU30: =E30/AR30 -> 0.089206066 | AV30: =IF(AND(F30<>"",Z30<>""),AB30/(F30/2/Z30),"") -> 0.05978022 | AW30: =IF(AND(F30<>"",AK30<>""),AM30/(F30/2/AK30),"") -> 0.080879121 | AX30: =IF(AND(AQ30<>"",1-(AQ30/O30)>0),1-(AQ30/O30),"") -> 0.75257732 | AY30: =IF(AND(AF30<>"",1-(AF30/O30)>0),1-(AF30/O30),"") -> 0.8556701 | AZ30: =IF(Q30="","",IF(Q30<2.5,"Alc. Bruta < 2,5 mg/L",IF(Q30<5,"2,5 ≤ Alc. Bruta < 5,0 mg/L",IF(Q30<7.5,"5,0 ≤ Alc. Bruta < 7,5 mg/L",IF(Q30<10,"7,5 ≤ Alc. Bruta < 10,0 mg/L",IF(Q30<15,"10,0 ≤ Alca. Bruta < 15,0 mg/L","Alc. Bruta > 15 mg/L")))))) -> 7,5 ≤ Alc. Bruta < 10,0 mg/L | BA30: =IF(P30="","",IF(P30<5,"Cor <5 uC",IF(P30<10,"5 ≤ Cor < 10 uC",IF(P30<15,"10 ≤ Cor <15 uC",IF(P30<30,"15 ≤ Cor < 30 uC",IF(P30<50,"30 ≤ Cor < 50 uC","Cor > 50 uC")))))) -> 5 ≤ Cor < 10 uC | BB30: =IF(O30="","",IF(O30<2.5,"Turbidez < 2,5 uT",IF(O30<5,"2,5 ≤ Turb < 5,0 uT",IF(O30<7.5,"5,0 ≤ Turb < 7,5 uT",IF(O30<10,"7,5 ≤ Turb < 10,0 uT",IF(O30<15,"10,0 ≤ Turb < 15,0 uT","Turb > 15 uT")))))) -> Turbidez < 2,5 uT | BC30: =IF(AND(C30>D30,D30>E30),"TOR > SM > BNN",IF(AND(C30>E30,E30>D30),"TOR > BNN > SM",IF(AND(D30>C30,C30>E30),"SM > TOR > BNN",IF(AND(D30>E30,E30>C30),"SM > BNN > TOR",IF(AND(C30=D30,D30=E30),"TOR = SM = BNN","Comb. diferentes"))))) -> SM > TOR > BNN | BD30: =IF(OR(AE30="",AQ30="-"),"",IF(AE30<=0.25,"Tipo 1 (≤0,25) uT",IF(AE30<=0.5,"Tipo 2 (0,25-0,50) uT",IF(AE30<=0.75,"Tipo 3 (0,50-0,75) uT","Tipo 4 (>0,75) uT")))) -> Tipo 1 (≤0,25) uT | BE30: =IF(OR(AP30="",AZ30="-"),"",IF(AP30<=0.25,"Tipo 1 (≤0,25) uT",IF(AP30<=0.5,"Tipo 2 (0,25-0,50) uT",IF(AP30<=0.75,"Tipo 3 (0,50-0,75) uT","Tipo 4 (>0,75) uT")))) -> Tipo 1 (≤0,25) uT | BF30: =IF(OR(AF30="",AQ30="-"),"",IF(AF30<=0.25,"Tipo 1 (≤0,25) uT",IF(AF30<=0.5,"Tipo 2 (0,25-0,50) uT",IF(AF30<=0.75,"Tipo 3 (0,50-0,75) uT","Tipo 4 (>0,75) uT")))) -> Tipo 1 (≤0,25) uT | BG30: =IF(OR(AQ30="",AQ30="-"),"",IF(AQ30<=0.25,"Tipo 1 (≤0,25) uT",IF(AQ30<=0.5,"Tipo 2 (0,25-0,50) uT",IF(AQ30<=0.75,"Tipo 3 (0,50-0,75) uT","Tipo 4 (>0,75) uT")))) -> Tipo 1 (≤0,25) uT | BH30: =IF(OR(R30="",R30="-"),"",IF(R30<=0.25,"Tipo 1 (≤0,25) uT",IF(R30<=0.5,"Tipo 2 (0,25-0,50) uT",IF(R30<=0.75,"Tipo 3 (0,50-0,75) uT","Tipo 4 (>0,75) uT")))) -> Tipo 1 (≤0,25) uT
A31: 46262 | B31: 11:30 | C31: 283 | D31: 1756 | E31: 0 | F31: 2125 | G31: N | H31: 9.8 | I31: -156 | J31: 90 | K31: 90 | L31: 90 | M31: 25.9 | N31: 6.5 | O31: 1.01 | P31: 7 | Q31: 7.6 | R31: 0.07 | S31: 22.36 | T31: 0.88 | U31: 0.7 | V31: =(O31+0.3*H31+2)*(F31/2/Z31) -> 2107.2917 | W31: =S31*(U31*AA31*0.987-T31)*AB31 -> 1372.5563 | X31: =W31/V31 -> 0.65133665 | Y31: 4 | Z31: 3 | AA31: 6.5 | AB31: 17 | AC31: 6.1 | AD31: 4 | AE31: 0.2 | AF31: 0.16 | AG31: =(O31+0.3*H31+2)*(F31/2/AK31) -> 1580.4688 | AH31: =S31*(U31*AL31*0.987-T31)*AM31 -> 1750.3931 | AI31: =AH31/AG31 -> 1.1075152 | AJ31: 4 | AK31: 4 | AL31: 6.2 | AM31: 23 | AN31: 6.2 | AO31: 4.4 | AP31: 0.14 | AQ31: 0.29 | AR31: =SUM(C31:E31) -> 2039 | AS31: =C31/AR31 -> 0.13879353 | AT31: =D31/AR31 -> 0.86120647 | AU31: =E31/AR31 -> 0 | AV31: =IF(AND(F31<>"",Z31<>""),AB31/(F31/2/Z31),"") -> 0.048 | AW31: =IF(AND(F31<>"",AK31<>""),AM31/(F31/2/AK31),"") -> 0.086588235 | AX31: =IF(AND(AQ31<>"",1-(AQ31/O31)>0),1-(AQ31/O31),"") -> 0.71287129 | AY31: =IF(AND(AF31<>"",1-(AF31/O31)>0),1-(AF31/O31),"") -> 0.84158416 | AZ31: =IF(Q31="","",IF(Q31<2.5,"Alc. Bruta < 2,5 mg/L",IF(Q31<5,"2,5 ≤ Alc. Bruta < 5,0 mg/L",IF(Q31<7.5,"5,0 ≤ Alc. Bruta < 7,5 mg/L",IF(Q31<10,"7,5 ≤ Alc. Bruta < 10,0 mg/L",IF(Q31<15,"10,0 ≤ Alca. Bruta < 15,0 mg/L","Alc. Bruta > 15 mg/L")))))) -> 7,5 ≤ Alc. Bruta < 10,0 mg/L | BA31: =IF(P31="","",IF(P31<5,"Cor <5 uC",IF(P31<10,"5 ≤ Cor < 10 uC",IF(P31<15,"10 ≤ Cor <15 uC",IF(P31<30,"15 ≤ Cor < 30 uC",IF(P31<50,"30 ≤ Cor < 50 uC","Cor > 50 uC")))))) -> 5 ≤ Cor < 10 uC | BB31: =IF(O31="","",IF(O31<2.5,"Turbidez < 2,5 uT",IF(O31<5,"2,5 ≤ Turb < 5,0 uT",IF(O31<7.5,"5,0 ≤ Turb < 7,5 uT",IF(O31<10,"7,5 ≤ Turb < 10,0 uT",IF(O31<15,"10,0 ≤ Turb < 15,0 uT","Turb > 15 uT")))))) -> Turbidez < 2,5 uT | BC31: =IF(AND(C31>D31,D31>E31),"TOR > SM > BNN",IF(AND(C31>E31,E31>D31),"TOR > BNN > SM",IF(AND(D31>C31,C31>E31),"SM > TOR > BNN",IF(AND(D31>E31,E31>C31),"SM > BNN > TOR",IF(AND(C31=D31,D31=E31),"TOR = SM = BNN","Comb. diferentes"))))) -> SM > TOR > BNN | BD31: =IF(OR(AE31="",AQ31="-"),"",IF(AE31<=0.25,"Tipo 1 (≤0,25) uT",IF(AE31<=0.5,"Tipo 2 (0,25-0,50) uT",IF(AE31<=0.75,"Tipo 3 (0,50-0,75) uT","Tipo 4 (>0,75) uT")))) -> Tipo 1 (≤0,25) uT | BE31: =IF(OR(AP31="",AZ31="-"),"",IF(AP31<=0.25,"Tipo 1 (≤0,25) uT",IF(AP31<=0.5,"Tipo 2 (0,25-0,50) uT",IF(AP31<=0.75,"Tipo 3 (0,50-0,75) uT","Tipo 4 (>0,75) uT")))) -> Tipo 1 (≤0,25) uT | BF31: =IF(OR(AF31="",AQ31="-"),"",IF(AF31<=0.25,"Tipo 1 (≤0,25) uT",IF(AF31<=0.5,"Tipo 2 (0,25-0,50) uT",IF(AF31<=0.75,"Tipo 3 (0,50-0,75) uT","Tipo 4 (>0,75) uT")))) -> Tipo 1 (≤0,25) uT | BG31: =IF(OR(AQ31="",AQ31="-"),"",IF(AQ31<=0.25,"Tipo 1 (≤0,25) uT",IF(AQ31<=0.5,"Tipo 2 (0,25-0,50) uT",IF(AQ31<=0.75,"Tipo 3 (0,50-0,75) uT","Tipo 4 (>0,75) uT")))) -> Tipo 2 (0,25-0,50) uT | BH31: =IF(OR(R31="",R31="-"),"",IF(R31<=0.25,"Tipo 1 (≤0,25) uT",IF(R31<=0.5,"Tipo 2 (0,25-0,50) uT",IF(R31<=0.75,"Tipo 3 (0,50-0,75) uT","Tipo 4 (>0,75) uT")))) -> Tipo 1 (≤0,25) uT
A32: 46262 | B32: 15:30 | C32: 288 | D32: 1611 | E32: 200 | F32: 2050 | G32: N | H32: 9.8 | I32: -148 | J32: 90 | K32: 90 | L32: 90 | M32: 26 | N32: 6.5 | O32: 0.91 | P32: 5 | Q32: 6.8 | R32: 0.08 | S32: 22.36 | T32: 0.88 | U32: 0.7 | V32: =(O32+0.3*H32+2)*(F32/2/Z32) -> 1499.0625 | W32: =S32*(U32*AA32*0.987-T32)*AB32 -> 1372.5563 | X32: =W32/V32 -> 0.91560979 | Y32: 3 | Z32: 4 | AA32: 6.5 | AB32: 17 | AC32: 6.2 | AD32: 3.6 | AE32: 0.21 | AF32: 0.14 | AG32: =(O32+0.3*H32+2)*(F32/2/AK32) -> 1499.0625 | AH32: =S32*(U32*AL32*0.987-T32)*AM32 -> 1750.3931 | AI32: =AH32/AG32 -> 1.1676585 | AJ32: 3 | AK32: 4 | AL32: 6.2 | AM32: 23 | AN32: 5.9 | AO32: 4 | AP32: 0.11 | AQ32: 0.22 | AR32: =SUM(C32:E32) -> 2099 | AS32: =C32/AR32 -> 0.13720819 | AT32: =D32/AR32 -> 0.76750834 | AU32: =E32/AR32 -> 0.095283468 | AV32: =IF(AND(F32<>"",Z32<>""),AB32/(F32/2/Z32),"") -> 0.066341463 | AW32: =IF(AND(F32<>"",AK32<>""),AM32/(F32/2/AK32),"") -> 0.089756098 | AX32: =IF(AND(AQ32<>"",1-(AQ32/O32)>0),1-(AQ32/O32),"") -> 0.75824176 | AY32: =IF(AND(AF32<>"",1-(AF32/O32)>0),1-(AF32/O32),"") -> 0.84615385 | AZ32: =IF(Q32="","",IF(Q32<2.5,"Alc. Bruta < 2,5 mg/L",IF(Q32<5,"2,5 ≤ Alc. Bruta < 5,0 mg/L",IF(Q32<7.5,"5,0 ≤ Alc. Bruta < 7,5 mg/L",IF(Q32<10,"7,5 ≤ Alc. Bruta < 10,0 mg/L",IF(Q32<15,"10,0 ≤ Alca. Bruta < 15,0 mg/L","Alc. Bruta > 15 mg/L")))))) -> 5,0 ≤ Alc. Bruta < 7,5 mg/L | BA32: =IF(P32="","",IF(P32<5,"Cor <5 uC",IF(P32<10,"5 ≤ Cor < 10 uC",IF(P32<15,"10 ≤ Cor <15 uC",IF(P32<30,"15 ≤ Cor < 30 uC",IF(P32<50,"30 ≤ Cor < 50 uC","Cor > 50 uC")))))) -> 5 ≤ Cor < 10 uC | BB32: =IF(O32="","",IF(O32<2.5,"Turbidez < 2,5 uT",IF(O32<5,"2,5 ≤ Turb < 5,0 uT",IF(O32<7.5,"5,0 ≤ Turb < 7,5 uT",IF(O32<10,"7,5 ≤ Turb < 10,0 uT",IF(O32<15,"10,0 ≤ Turb < 15,0 uT","Turb > 15 uT")))))) -> Turbidez < 2,5 uT | BC32: =IF(AND(C32>D32,D32>E32),"TOR > SM > BNN",IF(AND(C32>E32,E32>D32),"TOR > BNN > SM",IF(AND(D32>C32,C32>E32),"SM > TOR > BNN",IF(AND(D32>E32,E32>C32),"SM > BNN > TOR",IF(AND(C32=D32,D32=E32),"TOR = SM = BNN","Comb. diferentes"))))) -> SM > TOR > BNN | BD32: =IF(OR(AE32="",AQ32="-"),"",IF(AE32<=0.25,"Tipo 1 (≤0,25) uT",IF(AE32<=0.5,"Tipo 2 (0,25-0,50) uT",IF(AE32<=0.75,"Tipo 3 (0,50-0,75) uT","Tipo 4 (>0,75) uT")))) -> Tipo 1 (≤0,25) uT | BE32: =IF(OR(AP32="",AZ32="-"),"",IF(AP32<=0.25,"Tipo 1 (≤0,25) uT",IF(AP32<=0.5,"Tipo 2 (0,25-0,50) uT",IF(AP32<=0.75,"Tipo 3 (0,50-0,75) uT","Tipo 4 (>0,75) uT")))) -> Tipo 1 (≤0,25) uT | BF32: =IF(OR(AF32="",AQ32="-"),"",IF(AF32<=0.25,"Tipo 1 (≤0,25) uT",IF(AF32<=0.5,"Tipo 2 (0,25-0,50) uT",IF(AF32<=0.75,"Tipo 3 (0,50-0,75) uT","Tipo 4 (>0,75) uT")))) -> Tipo 1 (≤0,25) uT | BG32: =IF(OR(AQ32="",AQ32="-"),"",IF(AQ32<=0.25,"Tipo 1 (≤0,25) uT",IF(AQ32<=0.5,"Tipo 2 (0,25-0,50) uT",IF(AQ32<=0.75,"Tipo 3 (0,50-0,75) uT","Tipo 4 (>0,75) uT")))) -> Tipo 1 (≤0,25) uT | BH32: =IF(OR(R32="",R32="-"),"",IF(R32<=0.25,"Tipo 1 (≤0,25) uT",IF(R32<=0.5,"Tipo 2 (0,25-0,50) uT",IF(R32<=0.75,"Tipo 3 (0,50-0,75) uT","Tipo 4 (>0,75) uT")))) -> Tipo 1 (≤0,25) uT
A33: 46262 | B33: 17:30 | C33: 413 | D33: 1500 | E33: 199 | F33: 2089 | G33: N | H33: 9.8 | I33: -149 | J33: 90 | K33: 90 | L33: 90 | M33: 26.4 | N33: 6.5 | O33: 0.83 | P33: 5 | Q33: 6.1 | R33: 0.08 | S33: 22.36 | T33: 0.88 | U33: 0.7 | V33: =(O33+0.3*H33+2)*(F33/2/Z33) -> 1506.6912 | W33: =S33*(U33*AA33*0.987-T33)*AB33 -> 1372.5563 | X33: =W33/V33 -> 0.91097383 | Y33: 3 | Z33: 4 | AA33: 6.5 | AB33: 17 | AC33: 6 | AD33: 3.9 | AE33: 0.16 | AF33: 0.12 | AG33: =(O33+0.3*H33+2)*(F33/2/AK33) -> 1506.6912 | AH33: =S33*(U33*AL33*0.987-T33)*AM33 -> 1750.3931 | AI33: =AH33/AG33 -> 1.1617464 | AJ33: 4 | AK33: 4 | AL33: 6.2 | AM33: 23 | AN33: 6.1 | AO33: 3.5 | AP33: 0.12 | AQ33: 0.2 | AR33: =SUM(C33:E33) -> 2112 | AS33: =C33/AR33 -> 0.19554924 | AT33: =D33/AR33 -> 0.71022727 | AU33: =E33/AR33 -> 0.094223485 | AV33: =IF(AND(F33<>"",Z33<>""),AB33/(F33/2/Z33),"") -> 0.06510292 | AW33: =IF(AND(F33<>"",AK33<>""),AM33/(F33/2/AK33),"") -> 0.088080421 | AX33: =IF(AND(AQ33<>"",1-(AQ33/O33)>0),1-(AQ33/O33),"") -> 0.75903614 | AY33: =IF(AND(AF33<>"",1-(AF33/O33)>0),1-(AF33/O33),"") -> 0.85542169 | AZ33: =IF(Q33="","",IF(Q33<2.5,"Alc. Bruta < 2,5 mg/L",IF(Q33<5,"2,5 ≤ Alc. Bruta < 5,0 mg/L",IF(Q33<7.5,"5,0 ≤ Alc. Bruta < 7,5 mg/L",IF(Q33<10,"7,5 ≤ Alc. Bruta < 10,0 mg/L",IF(Q33<15,"10,0 ≤ Alca. Bruta < 15,0 mg/L","Alc. Bruta > 15 mg/L")))))) -> 5,0 ≤ Alc. Bruta < 7,5 mg/L | BA33: =IF(P33="","",IF(P33<5,"Cor <5 uC",IF(P33<10,"5 ≤ Cor < 10 uC",IF(P33<15,"10 ≤ Cor <15 uC",IF(P33<30,"15 ≤ Cor < 30 uC",IF(P33<50,"30 ≤ Cor < 50 uC","Cor > 50 uC")))))) -> 5 ≤ Cor < 10 uC | BB33: =IF(O33="","",IF(O33<2.5,"Turbidez < 2,5 uT",IF(O33<5,"2,5 ≤ Turb < 5,0 uT",IF(O33<7.5,"5,0 ≤ Turb < 7,5 uT",IF(O33<10,"7,5 ≤ Turb < 10,0 uT",IF(O33<15,"10,0 ≤ Turb < 15,0 uT","Turb > 15 uT")))))) -> Turbidez < 2,5 uT | BC33: =IF(AND(C33>D33,D33>E33),"TOR > SM > BNN",IF(AND(C33>E33,E33>D33),"TOR > BNN > SM",IF(AND(D33>C33,C33>E33),"SM > TOR > BNN",IF(AND(D33>E33,E33>C33),"SM > BNN > TOR",IF(AND(C33=D33,D33=E33),"TOR = SM = BNN","Comb. diferentes"))))) -> SM > TOR > BNN | BD33: =IF(OR(AE33="",AQ33="-"),"",IF(AE33<=0.25,"Tipo 1 (≤0,25) uT",IF(AE33<=0.5,"Tipo 2 (0,25-0,50) uT",IF(AE33<=0.75,"Tipo 3 (0,50-0,75) uT","Tipo 4 (>0,75) uT")))) -> Tipo 1 (≤0,25) uT | BE33: =IF(OR(AP33="",AZ33="-"),"",IF(AP33<=0.25,"Tipo 1 (≤0,25) uT",IF(AP33<=0.5,"Tipo 2 (0,25-0,50) uT",IF(AP33<=0.75,"Tipo 3 (0,50-0,75) uT","Tipo 4 (>0,75) uT")))) -> Tipo 1 (≤0,25) uT | BF33: =IF(OR(AF33="",AQ33="-"),"",IF(AF33<=0.25,"Tipo 1 (≤0,25) uT",IF(AF33<=0.5,"Tipo 2 (0,25-0,50) uT",IF(AF33<=0.75,"Tipo 3 (0,50-0,75) uT","Tipo 4 (>0,75) uT")))) -> Tipo 1 (≤0,25) uT | BG33: =IF(OR(AQ33="",AQ33="-"),"",IF(AQ33<=0.25,"Tipo 1 (≤0,25) uT",IF(AQ33<=0.5,"Tipo 2 (0,25-0,50) uT",IF(AQ33<=0.75,"Tipo 3 (0,50-0,75) uT","Tipo 4 (>0,75) uT")))) -> Tipo 1 (≤0,25) uT | BH33: =IF(OR(R33="",R33="-"),"",IF(R33<=0.25,"Tipo 1 (≤0,25) uT",IF(R33<=0.5,"Tipo 2 (0,25-0,50) uT",IF(R33<=0.75,"Tipo 3 (0,50-0,75) uT","Tipo 4 (>0,75) uT")))) -> Tipo 1 (≤0,25) uT
A34: 46262 | B34: 19:30 | C34: 393 | D34: 1490 | E34: 200 | F34: 2100 | G34: N | H34: 9.8 | I34: -148.7 | J34: 90 | K34: 90 | L34: 90 | M34: 25.7 | N34: 6.6 | O34: 0.96 | P34: 6 | Q34: 5.7 | R34: 0.06 | S34: 22.36 | T34: 0.88 | U34: 0.7 | V34: =(O34+0.3*H34+2)*(F34/2/Z34) -> 1548.75 | W34: =S34*(U34*AA34*0.987-T34)*AB34 -> 1372.5563 | X34: =W34/V34 -> 0.8862349 | Y34: 3 | Z34: 4 | AA34: 6.5 | AB34: 17 | AC34: 6 | AD34: 4.6 | AE34: 0.25 | AF34: 0.12 | AG34: =(O34+0.3*H34+2)*(F34/2/AK34) -> 1548.75 | AH34: =S34*(U34*AL34*0.987-T34)*AM34 -> 1750.3931 | AI34: =AH34/AG34 -> 1.1301973 | AJ34: 4 | AK34: 4 | AL34: 6.2 | AM34: 23 | AN34: 6.1 | AO34: 3.7 | AP34: 0.17 | AQ34: 0.21 | AR34: =SUM(C34:E34) -> 2083 | AS34: =C34/AR34 -> 0.18867019 | AT34: =D34/AR34 -> 0.71531445 | AU34: =E34/AR34 -> 0.096015362 | AV34: =IF(AND(F34<>"",Z34<>""),AB34/(F34/2/Z34),"") -> 0.064761905 | AW34: =IF(AND(F34<>"",AK34<>""),AM34/(F34/2/AK34),"") -> 0.087619048 | AX34: =IF(AND(AQ34<>"",1-(AQ34/O34)>0),1-(AQ34/O34),"") -> 0.78125 | AY34: =IF(AND(AF34<>"",1-(AF34/O34)>0),1-(AF34/O34),"") -> 0.875 | AZ34: =IF(Q34="","",IF(Q34<2.5,"Alc. Bruta < 2,5 mg/L",IF(Q34<5,"2,5 ≤ Alc. Bruta < 5,0 mg/L",IF(Q34<7.5,"5,0 ≤ Alc. Bruta < 7,5 mg/L",IF(Q34<10,"7,5 ≤ Alc. Bruta < 10,0 mg/L",IF(Q34<15,"10,0 ≤ Alca. Bruta < 15,0 mg/L","Alc. Bruta > 15 mg/L")))))) -> 5,0 ≤ Alc. Bruta < 7,5 mg/L | BA34: =IF(P34="","",IF(P34<5,"Cor <5 uC",IF(P34<10,"5 ≤ Cor < 10 uC",IF(P34<15,"10 ≤ Cor <15 uC",IF(P34<30,"15 ≤ Cor < 30 uC",IF(P34<50,"30 ≤ Cor < 50 uC","Cor > 50 uC")))))) -> 5 ≤ Cor < 10 uC | BB34: =IF(O34="","",IF(O34<2.5,"Turbidez < 2,5 uT",IF(O34<5,"2,5 ≤ Turb < 5,0 uT",IF(O34<7.5,"5,0 ≤ Turb < 7,5 uT",IF(O34<10,"7,5 ≤ Turb < 10,0 uT",IF(O34<15,"10,0 ≤ Turb < 15,0 uT","Turb > 15 uT")))))) -> Turbidez < 2,5 uT | BC34: =IF(AND(C34>D34,D34>E34),"TOR > SM > BNN",IF(AND(C34>E34,E34>D34),"TOR > BNN > SM",IF(AND(D34>C34,C34>E34),"SM > TOR > BNN",IF(AND(D34>E34,E34>C34),"SM > BNN > TOR",IF(AND(C34=D34,D34=E34),"TOR = SM = BNN","Comb. diferentes"))))) -> SM > TOR > BNN | BD34: =IF(OR(AE34="",AQ34="-"),"",IF(AE34<=0.25,"Tipo 1 (≤0,25) uT",IF(AE34<=0.5,"Tipo 2 (0,25-0,50) uT",IF(AE34<=0.75,"Tipo 3 (0,50-0,75) uT","Tipo 4 (>0,75) uT")))) -> Tipo 1 (≤0,25) uT | BE34: =IF(OR(AP34="",AZ34="-"),"",IF(AP34<=0.25,"Tipo 1 (≤0,25) uT",IF(AP34<=0.5,"Tipo 2 (0,25-0,50) uT",IF(AP34<=0.75,"Tipo 3 (0,50-0,75) uT","Tipo 4 (>0,75) uT")))) -> Tipo 1 (≤0,25) uT | BF34: =IF(OR(AF34="",AQ34="-"),"",IF(AF34<=0.25,"Tipo 1 (≤0,25) uT",IF(AF34<=0.5,"Tipo 2 (0,25-0,50) uT",IF(AF34<=0.75,"Tipo 3 (0,50-0,75) uT","Tipo 4 (>0,75) uT")))) -> Tipo 1 (≤0,25) uT | BG34: =IF(OR(AQ34="",AQ34="-"),"",IF(AQ34<=0.25,"Tipo 1 (≤0,25) uT",IF(AQ34<=0.5,"Tipo 2 (0,25-0,50) uT",IF(AQ34<=0.75,"Tipo 3 (0,50-0,75) uT","Tipo 4 (>0,75) uT")))) -> Tipo 1 (≤0,25) uT | BH34: =IF(OR(R34="",R34="-"),"",IF(R34<=0.25,"Tipo 1 (≤0,25) uT",IF(R34<=0.5,"Tipo 2 (0,25-0,50) uT",IF(R34<=0.75,"Tipo 3 (0,50-0,75) uT","Tipo 4 (>0,75) uT")))) -> Tipo 1 (≤0,25) uT
A35: 46262 | B35: 21:30 | C35: 390 | D35: 1493 | E35: 250 | F35: 2151 | G35: N | H35: 9.8 | I35: -146.7 | J35: 90 | K35: 90 | L35: 90 | M35: 24.8 | N35: 6.6 | O35: 0.93 | P35: 6 | Q35: 6.7 | R35: 0.07 | S35: 22.36 | T35: 0.88 | U35: 0.7 | V35: =(O35+0.3*H35+2)*(F35/2/Z35) -> 1578.2963 | W35: =S35*(U35*AA35*0.987-T35)*AB35 -> 1372.5563 | X35: =W35/V35 -> 0.86964428 | Y35: 3 | Z35: 4 | AA35: 6.5 | AB35: 17 | AC35: 6 | AD35: 4.2 | AE35: 0.21 | AF35: 0.13 | AG35: =(O35+0.3*H35+2)*(F35/2/AK35) -> 1578.2963 | AH35: =S35*(U35*AL35*0.987-T35)*AM35 -> 1750.3931 | AI35: =AH35/AG35 -> 1.1090397 | AJ35: 3 | AK35: 4 | AL35: 6.2 | AM35: 23 | AN35: 6 | AO35: 4.3 | AP35: 0.19 | AQ35: 0.24 | AR35: =SUM(C35:E35) -> 2133 | AS35: =C35/AR35 -> 0.18284107 | AT35: =D35/AR35 -> 0.69995312 | AU35: =E35/AR35 -> 0.11720581 | AV35: =IF(AND(F35<>"",Z35<>""),AB35/(F35/2/Z35),"") -> 0.063226406 | AW35: =IF(AND(F35<>"",AK35<>""),AM35/(F35/2/AK35),"") -> 0.085541609 | AX35: =IF(AND(AQ35<>"",1-(AQ35/O35)>0),1-(AQ35/O35),"") -> 0.74193548 | AY35: =IF(AND(AF35<>"",1-(AF35/O35)>0),1-(AF35/O35),"") -> 0.86021505 | AZ35: =IF(Q35="","",IF(Q35<2.5,"Alc. Bruta < 2,5 mg/L",IF(Q35<5,"2,5 ≤ Alc. Bruta < 5,0 mg/L",IF(Q35<7.5,"5,0 ≤ Alc. Bruta < 7,5 mg/L",IF(Q35<10,"7,5 ≤ Alc. Bruta < 10,0 mg/L",IF(Q35<15,"10,0 ≤ Alca. Bruta < 15,0 mg/L","Alc. Bruta > 15 mg/L")))))) -> 5,0 ≤ Alc. Bruta < 7,5 mg/L | BA35: =IF(P35="","",IF(P35<5,"Cor <5 uC",IF(P35<10,"5 ≤ Cor < 10 uC",IF(P35<15,"10 ≤ Cor <15 uC",IF(P35<30,"15 ≤ Cor < 30 uC",IF(P35<50,"30 ≤ Cor < 50 uC","Cor > 50 uC")))))) -> 5 ≤ Cor < 10 uC | BB35: =IF(O35="","",IF(O35<2.5,"Turbidez < 2,5 uT",IF(O35<5,"2,5 ≤ Turb < 5,0 uT",IF(O35<7.5,"5,0 ≤ Turb < 7,5 uT",IF(O35<10,"7,5 ≤ Turb < 10,0 uT",IF(O35<15,"10,0 ≤ Turb < 15,0 uT","Turb > 15 uT")))))) -> Turbidez < 2,5 uT | BC35: =IF(AND(C35>D35,D35>E35),"TOR > SM > BNN",IF(AND(C35>E35,E35>D35),"TOR > BNN > SM",IF(AND(D35>C35,C35>E35),"SM > TOR > BNN",IF(AND(D35>E35,E35>C35),"SM > BNN > TOR",IF(AND(C35=D35,D35=E35),"TOR = SM = BNN","Comb. diferentes"))))) -> SM > TOR > BNN | BD35: =IF(OR(AE35="",AQ35="-"),"",IF(AE35<=0.25,"Tipo 1 (≤0,25) uT",IF(AE35<=0.5,"Tipo 2 (0,25-0,50) uT",IF(AE35<=0.75,"Tipo 3 (0,50-0,75) uT","Tipo 4 (>0,75) uT")))) -> Tipo 1 (≤0,25) uT | BE35: =IF(OR(AP35="",AZ35="-"),"",IF(AP35<=0.25,"Tipo 1 (≤0,25) uT",IF(AP35<=0.5,"Tipo 2 (0,25-0,50) uT",IF(AP35<=0.75,"Tipo 3 (0,50-0,75) uT","Tipo 4 (>0,75) uT")))) -> Tipo 1 (≤0,25) uT | BF35: =IF(OR(AF35="",AQ35="-"),"",IF(AF35<=0.25,"Tipo 1 (≤0,25) uT",IF(AF35<=0.5,"Tipo 2 (0,25-0,50) uT",IF(AF35<=0.75,"Tipo 3 (0,50-0,75) uT","Tipo 4 (>0,75) uT")))) -> Tipo 1 (≤0,25) uT | BG35: =IF(OR(AQ35="",AQ35="-"),"",IF(AQ35<=0.25,"Tipo 1 (≤0,25) uT",IF(AQ35<=0.5,"Tipo 2 (0,25-0,50) uT",IF(AQ35<=0.75,"Tipo 3 (0,50-0,75) uT","Tipo 4 (>0,75) uT")))) -> Tipo 1 (≤0,25) uT | BH35: =IF(OR(R35="",R35="-"),"",IF(R35<=0.25,"Tipo 1 (≤0,25) uT",IF(R35<=0.5,"Tipo 2 (0,25-0,50) uT",IF(R35<=0.75,"Tipo 3 (0,50-0,75) uT","Tipo 4 (>0,75) uT")))) -> Tipo 1 (≤0,25) uT
A36: 46262 | B36: 23:30 | C36: 295 | D36: 1501 | E36: 250 | F36: 2196 | G36: N | H36: 9.8 | I36: -144.7 | J36: 90 | K36: 90 | L36: 90 | M36: 25 | N36: 6.6 | O36: 0.85 | P36: 6 | Q36: 6.8 | R36: 0.07 | S36: 22.36 | T36: 0.88 | U36: 0.7 | V36: =(O36+0.3*H36+2)*(F36/2/Z36) -> 1589.355 | W36: =S36*(U36*AA36*0.987-T36)*AB36 -> 1372.5563 | X36: =W36/V36 -> 0.86359328 | Y36: 3 | Z36: 4 | AA36: 6.5 | AB36: 17 | AC36: 6 | AD36: 4.7 | AE36: 0.19 | AF36: 0.13 | AG36: =(O36+0.3*H36+2)*(F36/2/AK36) -> 1589.355 | AH36: =S36*(U36*AL36*0.987-T36)*AM36 -> 1750.3931 | AI36: =AH36/AG36 -> 1.1013229 | AJ36: 4 | AK36: 4 | AL36: 6.2 | AM36: 23 | AN36: 6 | AO36: 4.1 | AP36: 0.21 | AQ36: 0.23 | AR36: =SUM(C36:E36) -> 2046 | AS36: =C36/AR36 -> 0.14418377 | AT36: =D36/AR36 -> 0.73362659 | AU36: =E36/AR36 -> 0.12218964 | AV36: =IF(AND(F36<>"",Z36<>""),AB36/(F36/2/Z36),"") -> 0.061930783 | AW36: =IF(AND(F36<>"",AK36<>""),AM36/(F36/2/AK36),"") -> 0.083788707 | AX36: =IF(AND(AQ36<>"",1-(AQ36/O36)>0),1-(AQ36/O36),"") -> 0.72941176 | AY36: =IF(AND(AF36<>"",1-(AF36/O36)>0),1-(AF36/O36),"") -> 0.84705882 | AZ36: =IF(Q36="","",IF(Q36<2.5,"Alc. Bruta < 2,5 mg/L",IF(Q36<5,"2,5 ≤ Alc. Bruta < 5,0 mg/L",IF(Q36<7.5,"5,0 ≤ Alc. Bruta < 7,5 mg/L",IF(Q36<10,"7,5 ≤ Alc. Bruta < 10,0 mg/L",IF(Q36<15,"10,0 ≤ Alca. Bruta < 15,0 mg/L","Alc. Bruta > 15 mg/L")))))) -> 5,0 ≤ Alc. Bruta < 7,5 mg/L | BA36: =IF(P36="","",IF(P36<5,"Cor <5 uC",IF(P36<10,"5 ≤ Cor < 10 uC",IF(P36<15,"10 ≤ Cor <15 uC",IF(P36<30,"15 ≤ Cor < 30 uC",IF(P36<50,"30 ≤ Cor < 50 uC","Cor > 50 uC")))))) -> 5 ≤ Cor < 10 uC | BB36: =IF(O36="","",IF(O36<2.5,"Turbidez < 2,5 uT",IF(O36<5,"2,5 ≤ Turb < 5,0 uT",IF(O36<7.5,"5,0 ≤ Turb < 7,5 uT",IF(O36<10,"7,5 ≤ Turb < 10,0 uT",IF(O36<15,"10,0 ≤ Turb < 15,0 uT","Turb > 15 uT")))))) -> Turbidez < 2,5 uT | BC36: =IF(AND(C36>D36,D36>E36),"TOR > SM > BNN",IF(AND(C36>E36,E36>D36),"TOR > BNN > SM",IF(AND(D36>C36,C36>E36),"SM > TOR > BNN",IF(AND(D36>E36,E36>C36),"SM > BNN > TOR",IF(AND(C36=D36,D36=E36),"TOR = SM = BNN","Comb. diferentes"))))) -> SM > TOR > BNN | BD36: =IF(OR(AE36="",AQ36="-"),"",IF(AE36<=0.25,"Tipo 1 (≤0,25) uT",IF(AE36<=0.5,"Tipo 2 (0,25-0,50) uT",IF(AE36<=0.75,"Tipo 3 (0,50-0,75) uT","Tipo 4 (>0,75) uT")))) -> Tipo 1 (≤0,25) uT | BE36: =IF(OR(AP36="",AZ36="-"),"",IF(AP36<=0.25,"Tipo 1 (≤0,25) uT",IF(AP36<=0.5,"Tipo 2 (0,25-0,50) uT",IF(AP36<=0.75,"Tipo 3 (0,50-0,75) uT","Tipo 4 (>0,75) uT")))) -> Tipo 1 (≤0,25) uT | BF36: =IF(OR(AF36="",AQ36="-"),"",IF(AF36<=0.25,"Tipo 1 (≤0,25) uT",IF(AF36<=0.5,"Tipo 2 (0,25-0,50) uT",IF(AF36<=0.75,"Tipo 3 (0,50-0,75) uT","Tipo 4 (>0,75) uT")))) -> Tipo 1 (≤0,25) uT | BG36: =IF(OR(AQ36="",AQ36="-"),"",IF(AQ36<=0.25,"Tipo 1 (≤0,25) uT",IF(AQ36<=0.5,"Tipo 2 (0,25-0,50) uT",IF(AQ36<=0.75,"Tipo 3 (0,50-0,75) uT","Tipo 4 (>0,75) uT")))) -> Tipo 1 (≤0,25) uT | BH36: =IF(OR(R36="",R36="-"),"",IF(R36<=0.25,"Tipo 1 (≤0,25) uT",IF(R36<=0.5,"Tipo 2 (0,25-0,50) uT",IF(R36<=0.75,"Tipo 3 (0,50-0,75) uT","Tipo 4 (>0,75) uT")))) -> Tipo 1 (≤0,25) uT
A37: 46263 | B37: 03:30 | C37: 381 | D37: 1538 | E37: 250 | F37: 2145 | G37: N | H37: 9.8 | I37: -138.6 | J37: 90 | K37: 90 | L37: 90 | M37: 25 | N37: 6.6 | O37: 0.94 | P37: 6 | Q37: 6.2 | R37: 0.06 | S37: 22.36 | T37: 0.88 | U37: 0.7 | V37: =(O37+0.3*H37+2)*(F37/2/Z37) -> 1576.575 | W37: =S37*(U37*AA37*0.987-T37)*AB37 -> 1372.5563 | X37: =W37/V37 -> 0.87059373 | Y37: 3 | Z37: 4 | AA37: 6.5 | AB37: 17 | AC37: 5.9 | AD37: 4.3 | AE37: 0.11 | AF37: 0.12 | AG37: =(O37+0.3*H37+2)*(F37/2/AK37) -> 1576.575 | AH37: =S37*(U37*AL37*0.987-T37)*AM37 -> 1750.3931 | AI37: =AH37/AG37 -> 1.1102505 | AJ37: 3 | AK37: 4 | AL37: 6.2 | AM37: 23 | AN37: 6.1 | AO37: 4.2 | AP37: 0.12 | AQ37: 0.22 | AR37: =SUM(C37:E37) -> 2169 | AS37: =C37/AR37 -> 0.17565698 | AT37: =D37/AR37 -> 0.70908253 | AU37: =E37/AR37 -> 0.11526049 | AV37: =IF(AND(F37<>"",Z37<>""),AB37/(F37/2/Z37),"") -> 0.063403263 | AW37: =IF(AND(F37<>"",AK37<>""),AM37/(F37/2/AK37),"") -> 0.085780886 | AX37: =IF(AND(AQ37<>"",1-(AQ37/O37)>0),1-(AQ37/O37),"") -> 0.76595745 | AY37: =IF(AND(AF37<>"",1-(AF37/O37)>0),1-(AF37/O37),"") -> 0.87234043 | AZ37: =IF(Q37="","",IF(Q37<2.5,"Alc. Bruta < 2,5 mg/L",IF(Q37<5,"2,5 ≤ Alc. Bruta < 5,0 mg/L",IF(Q37<7.5,"5,0 ≤ Alc. Bruta < 7,5 mg/L",IF(Q37<10,"7,5 ≤ Alc. Bruta < 10,0 mg/L",IF(Q37<15,"10,0 ≤ Alca. Bruta < 15,0 mg/L","Alc. Bruta > 15 mg/L")))))) -> 5,0 ≤ Alc. Bruta < 7,5 mg/L | BA37: =IF(P37="","",IF(P37<5,"Cor <5 uC",IF(P37<10,"5 ≤ Cor < 10 uC",IF(P37<15,"10 ≤ Cor <15 uC",IF(P37<30,"15 ≤ Cor < 30 uC",IF(P37<50,"30 ≤ Cor < 50 uC","Cor > 50 uC")))))) -> 5 ≤ Cor < 10 uC | BB37: =IF(O37="","",IF(O37<2.5,"Turbidez < 2,5 uT",IF(O37<5,"2,5 ≤ Turb < 5,0 uT",IF(O37<7.5,"5,0 ≤ Turb < 7,5 uT",IF(O37<10,"7,5 ≤ Turb < 10,0 uT",IF(O37<15,"10,0 ≤ Turb < 15,0 uT","Turb > 15 uT")))))) -> Turbidez < 2,5 uT | BC37: =IF(AND(C37>D37,D37>E37),"TOR > SM > BNN",IF(AND(C37>E37,E37>D37),"TOR > BNN > SM",IF(AND(D37>C37,C37>E37),"SM > TOR > BNN",IF(AND(D37>E37,E37>C37),"SM > BNN > TOR",IF(AND(C37=D37,D37=E37),"TOR = SM = BNN","Comb. diferentes"))))) -> SM > TOR > BNN | BD37: =IF(OR(AE37="",AQ37="-"),"",IF(AE37<=0.25,"Tipo 1 (≤0,25) uT",IF(AE37<=0.5,"Tipo 2 (0,25-0,50) uT",IF(AE37<=0.75,"Tipo 3 (0,50-0,75) uT","Tipo 4 (>0,75) uT")))) -> Tipo 1 (≤0,25) uT | BE37: =IF(OR(AP37="",AZ37="-"),"",IF(AP37<=0.25,"Tipo 1 (≤0,25) uT",IF(AP37<=0.5,"Tipo 2 (0,25-0,50) uT",IF(AP37<=0.75,"Tipo 3 (0,50-0,75) uT","Tipo 4 (>0,75) uT")))) -> Tipo 1 (≤0,25) uT | BF37: =IF(OR(AF37="",AQ37="-"),"",IF(AF37<=0.25,"Tipo 1 (≤0,25) uT",IF(AF37<=0.5,"Tipo 2 (0,25-0,50) uT",IF(AF37<=0.75,"Tipo 3 (0,50-0,75) uT","Tipo 4 (>0,75) uT")))) -> Tipo 1 (≤0,25) uT | BG37: =IF(OR(AQ37="",AQ37="-"),"",IF(AQ37<=0.25,"Tipo 1 (≤0,25) uT",IF(AQ37<=0.5,"Tipo 2 (0,25-0,50) uT",IF(AQ37<=0.75,"Tipo 3 (0,50-0,75) uT","Tipo 4 (>0,75) uT")))) -> Tipo 1 (≤0,25) uT | BH37: =IF(OR(R37="",R37="-"),"",IF(R37<=0.25,"Tipo 1 (≤0,25) uT",IF(R37<=0.5,"Tipo 2 (0,25-0,50) uT",IF(R37<=0.75,"Tipo 3 (0,50-0,75) uT","Tipo 4 (>0,75) uT")))) -> Tipo 1 (≤0,25) uT
A38: 46263 | B38: 05:30 | C38: 397 | D38: 1500 | E38: 250 | F38: 2146 | G38: N | H38: 10.8 | I38: -136.7 | J38: 90 | K38: 90 | L38: 90 | M38: 24.8 | N38: 6.6 | O38: 0.81 | P38: 6 | Q38: 6.9 | R38: 0.06 | S38: 22.36 | T38: 0.88 | U38: 0.7 | V38: =(O38+0.3*H38+2)*(F38/2/Z38) -> 1622.9125 | W38: =S38*(U38*AA38*0.987-T38)*AB38 -> 1372.5563 | X38: =W38/V38 -> 0.84573648 | Y38: 3 | Z38: 4 | AA38: 6.5 | AB38: 17 | AC38: 6.1 | AD38: 4.9 | AE38: 0.11 | AF38: 0.08 | AG38: =(O38+0.3*H38+2)*(F38/2/AK38) -> 1622.9125 | AH38: =S38*(U38*AL38*0.987-T38)*AM38 -> 1750.3931 | AI38: =AH38/AG38 -> 1.0785505 | AJ38: 3 | AK38: 4 | AL38: 6.2 | AM38: 23 | AN38: 6 | AO38: 5.7 | AP38: 0.11 | AQ38: 0.24 | AR38: =SUM(C38:E38) -> 2147 | AS38: =C38/AR38 -> 0.18490918 | AT38: =D38/AR38 -> 0.69864928 | AU38: =E38/AR38 -> 0.11644155 | AV38: =IF(AND(F38<>"",Z38<>""),AB38/(F38/2/Z38),"") -> 0.063373719 | AW38: =IF(AND(F38<>"",AK38<>""),AM38/(F38/2/AK38),"") -> 0.085740913 | AX38: =IF(AND(AQ38<>"",1-(AQ38/O38)>0),1-(AQ38/O38),"") -> 0.7037037 | AY38: =IF(AND(AF38<>"",1-(AF38/O38)>0),1-(AF38/O38),"") -> 0.90123457 | AZ38: =IF(Q38="","",IF(Q38<2.5,"Alc. Bruta < 2,5 mg/L",IF(Q38<5,"2,5 ≤ Alc. Bruta < 5,0 mg/L",IF(Q38<7.5,"5,0 ≤ Alc. Bruta < 7,5 mg/L",IF(Q38<10,"7,5 ≤ Alc. Bruta < 10,0 mg/L",IF(Q38<15,"10,0 ≤ Alca. Bruta < 15,0 mg/L","Alc. Bruta > 15 mg/L")))))) -> 5,0 ≤ Alc. Bruta < 7,5 mg/L | BA38: =IF(P38="","",IF(P38<5,"Cor <5 uC",IF(P38<10,"5 ≤ Cor < 10 uC",IF(P38<15,"10 ≤ Cor <15 uC",IF(P38<30,"15 ≤ Cor < 30 uC",IF(P38<50,"30 ≤ Cor < 50 uC","Cor > 50 uC")))))) -> 5 ≤ Cor < 10 uC | BB38: =IF(O38="","",IF(O38<2.5,"Turbidez < 2,5 uT",IF(O38<5,"2,5 ≤ Turb < 5,0 uT",IF(O38<7.5,"5,0 ≤ Turb < 7,5 uT",IF(O38<10,"7,5 ≤ Turb < 10,0 uT",IF(O38<15,"10,0 ≤ Turb < 15,0 uT","Turb > 15 uT")))))) -> Turbidez < 2,5 uT | BC38: =IF(AND(C38>D38,D38>E38),"TOR > SM > BNN",IF(AND(C38>E38,E38>D38),"TOR > BNN > SM",IF(AND(D38>C38,C38>E38),"SM > TOR > BNN",IF(AND(D38>E38,E38>C38),"SM > BNN > TOR",IF(AND(C38=D38,D38=E38),"TOR = SM = BNN","Comb. diferentes"))))) -> SM > TOR > BNN | BD38: =IF(OR(AE38="",AQ38="-"),"",IF(AE38<=0.25,"Tipo 1 (≤0,25) uT",IF(AE38<=0.5,"Tipo 2 (0,25-0,50) uT",IF(AE38<=0.75,"Tipo 3 (0,50-0,75) uT","Tipo 4 (>0,75) uT")))) -> Tipo 1 (≤0,25) uT | BE38: =IF(OR(AP38="",AZ38="-"),"",IF(AP38<=0.25,"Tipo 1 (≤0,25) uT",IF(AP38<=0.5,"Tipo 2 (0,25-0,50) uT",IF(AP38<=0.75,"Tipo 3 (0,50-0,75) uT","Tipo 4 (>0,75) uT")))) -> Tipo 1 (≤0,25) uT | BF38: =IF(OR(AF38="",AQ38="-"),"",IF(AF38<=0.25,"Tipo 1 (≤0,25) uT",IF(AF38<=0.5,"Tipo 2 (0,25-0,50) uT",IF(AF38<=0.75,"Tipo 3 (0,50-0,75) uT","Tipo 4 (>0,75) uT")))) -> Tipo 1 (≤0,25) uT | BG38: =IF(OR(AQ38="",AQ38="-"),"",IF(AQ38<=0.25,"Tipo 1 (≤0,25) uT",IF(AQ38<=0.5,"Tipo 2 (0,25-0,50) uT",IF(AQ38<=0.75,"Tipo 3 (0,50-0,75) uT","Tipo 4 (>0,75) uT")))) -> Tipo 1 (≤0,25) uT | BH38: =IF(OR(R38="",R38="-"),"",IF(R38<=0.25,"Tipo 1 (≤0,25) uT",IF(R38<=0.5,"Tipo 2 (0,25-0,50) uT",IF(R38<=0.75,"Tipo 3 (0,50-0,75) uT","Tipo 4 (>0,75) uT")))) -> Tipo 1 (≤0,25) uT
A39: 46263 | B39: 0.3125 | C39: 340 | D39: 1608 | E39: 249 | F39: 2232 | G39: N | H39: 10.8 | I39: -135 | J39: 90 | K39: 90 | L39: 90 | M39: 24.8 | N39: 6.5 | O39: 0.59 | P39: 6 | Q39: 6.9 | R39: 0.06 | S39: 22.36 | T39: 0.88 | U39: 0.7 | V39: =(O39+0.3*H39+2)*(F39/2/Z39) -> 1626.57 | W39: =S39*(U39*AA39*0.987-T39)*AB39 -> 1367.3038 | X39: =W39/V39 -> 0.84060557 | Y39: 3 | Z39: 4 | AA39: 6.48 | AB39: 17 | AC39: 6.3 | AD39: 4.2 | AE39: 0.11 | AF39: 0.11 | AG39: =(O39+0.3*H39+2)*(F39/2/AK39) -> 1626.57 | AH39: =S39*(U39*AL39*0.987-T39)*AM39 -> 1764.6058 | AI39: =AH39/AG39 -> 1.0848631 | AJ39: 3 | AK39: 4 | AL39: 6.24 | AM39: 23 | AN39: 6.3 | AO39: 4.8 | AP39: 0.08 | AQ39: 0.24 | AR39: =SUM(C39:E39) -> 2197 | AS39: =C39/AR39 -> 0.15475649 | AT39: =D39/AR39 -> 0.73190715 | AU39: =E39/AR39 -> 0.11333637 | AV39: =IF(AND(F39<>"",Z39<>""),AB39/(F39/2/Z39),"") -> 0.0609319 | AW39: =IF(AND(F39<>"",AK39<>""),AM39/(F39/2/AK39),"") -> 0.082437276 | AX39: =IF(AND(AQ39<>"",1-(AQ39/O39)>0),1-(AQ39/O39),"") -> 0.59322034 | AY39: =IF(AND(AF39<>"",1-(AF39/O39)>0),1-(AF39/O39),"") -> 0.81355932 | AZ39: =IF(Q39="","",IF(Q39<2.5,"Alc. Bruta < 2,5 mg/L",IF(Q39<5,"2,5 ≤ Alc. Bruta < 5,0 mg/L",IF(Q39<7.5,"5,0 ≤ Alc. Bruta < 7,5 mg/L",IF(Q39<10,"7,5 ≤ Alc. Bruta < 10,0 mg/L",IF(Q39<15,"10,0 ≤ Alca. Bruta < 15,0 mg/L","Alc. Bruta > 15 mg/L")))))) -> 5,0 ≤ Alc. Bruta < 7,5 mg/L | BA39: =IF(P39="","",IF(P39<5,"Cor <5 uC",IF(P39<10,"5 ≤ Cor < 10 uC",IF(P39<15,"10 ≤ Cor <15 uC",IF(P39<30,"15 ≤ Cor < 30 uC",IF(P39<50,"30 ≤ Cor < 50 uC","Cor > 50 uC")))))) -> 5 ≤ Cor < 10 uC | BB39: =IF(O39="","",IF(O39<2.5,"Turbidez < 2,5 uT",IF(O39<5,"2,5 ≤ Turb < 5,0 uT",IF(O39<7.5,"5,0 ≤ Turb < 7,5 uT",IF(O39<10,"7,5 ≤ Turb < 10,0 uT",IF(O39<15,"10,0 ≤ Turb < 15,0 uT","Turb > 15 uT")))))) -> Turbidez < 2,5 uT | BC39: =IF(AND(C39>D39,D39>E39),"TOR > SM > BNN",IF(AND(C39>E39,E39>D39),"TOR > BNN > SM",IF(AND(D39>C39,C39>E39),"SM > TOR > BNN",IF(AND(D39>E39,E39>C39),"SM > BNN > TOR",IF(AND(C39=D39,D39=E39),"TOR = SM = BNN","Comb. diferentes"))))) -> SM > TOR > BNN | BD39: =IF(OR(AE39="",AQ39="-"),"",IF(AE39<=0.25,"Tipo 1 (≤0,25) uT",IF(AE39<=0.5,"Tipo 2 (0,25-0,50) uT",IF(AE39<=0.75,"Tipo 3 (0,50-0,75) uT","Tipo 4 (>0,75) uT")))) -> Tipo 1 (≤0,25) uT | BE39: =IF(OR(AP39="",AZ39="-"),"",IF(AP39<=0.25,"Tipo 1 (≤0,25) uT",IF(AP39<=0.5,"Tipo 2 (0,25-0,50) uT",IF(AP39<=0.75,"Tipo 3 (0,50-0,75) uT","Tipo 4 (>0,75) uT")))) -> Tipo 1 (≤0,25) uT | BF39: =IF(OR(AF39="",AQ39="-"),"",IF(AF39<=0.25,"Tipo 1 (≤0,25) uT",IF(AF39<=0.5,"Tipo 2 (0,25-0,50) uT",IF(AF39<=0.75,"Tipo 3 (0,50-0,75) uT","Tipo 4 (>0,75) uT")))) -> Tipo 1 (≤0,25) uT | BG39: =IF(OR(AQ39="",AQ39="-"),"",IF(AQ39<=0.25,"Tipo 1 (≤0,25) uT",IF(AQ39<=0.5,"Tipo 2 (0,25-0,50) uT",IF(AQ39<=0.75,"Tipo 3 (0,50-0,75) uT","Tipo 4 (>0,75) uT")))) -> Tipo 1 (≤0,25) uT | BH39: =IF(OR(R39="",R39="-"),"",IF(R39<=0.25,"Tipo 1 (≤0,25) uT",IF(R39<=0.5,"Tipo 2 (0,25-0,50) uT",IF(R39<=0.75,"Tipo 3 (0,50-0,75) uT","Tipo 4 (>0,75) uT")))) -> Tipo 1 (≤0,25) uT
A40: 46263 | B40: 0.39583333 | C40: 384 | D40: 1818 | E40: 249 | F40: 2207 | G40: N | H40: 10.8 | I40: -142 | J40: 90 | K40: 90 | L40: 90 | M40: 22.8 | N40: 6.6 | O40: 0.76 | P40: 5 | Q40: 6.3 | R40: 0.06 | S40: 22.36 | T40: 0.88 | U40: 0.7 | V40: =(O40+0.3*H40+2)*(F40/2/Z40) -> 1655.25 | W40: =S40*(U40*AA40*0.987-T40)*AB40 -> 1380.435 | X40: =W40/V40 -> 0.83397375 | Y40: 3 | Z40: 4 | AA40: 6.53 | AB40: 17 | AC40: 6.2 | AD40: 3.8 | AE40: 0.08 | AF40: 0.12 | AG40: =(O40+0.3*H40+2)*(F40/2/AK40) -> 1655.25 | AH40: =S40*(U40*AL40*0.987-T40)*AM40 -> 1771.7121 | AI40: =AH40/AG40 -> 1.0703592 | AJ40: 3 | AK40: 4 | AL40: 6.26 | AM40: 23 | AN40: 6.4 | AO40: 3.7 | AP40: 0.09 | AQ40: 0.16 | AR40: =SUM(C40:E40) -> 2451 | AS40: =C40/AR40 -> 0.15667075 | AT40: =D40/AR40 -> 0.74173807 | AU40: =E40/AR40 -> 0.10159119 | AV40: =IF(AND(F40<>"",Z40<>""),AB40/(F40/2/Z40),"") -> 0.061622111 | AW40: =IF(AND(F40<>"",AK40<>""),AM40/(F40/2/AK40),"") -> 0.083371092 | AX40: =IF(AND(AQ40<>"",1-(AQ40/O40)>0),1-(AQ40/O40),"") -> 0.78947368 | AY40: =IF(AND(AF40<>"",1-(AF40/O40)>0),1-(AF40/O40),"") -> 0.84210526 | AZ40: =IF(Q40="","",IF(Q40<2.5,"Alc. Bruta < 2,5 mg/L",IF(Q40<5,"2,5 ≤ Alc. Bruta < 5,0 mg/L",IF(Q40<7.5,"5,0 ≤ Alc. Bruta < 7,5 mg/L",IF(Q40<10,"7,5 ≤ Alc. Bruta < 10,0 mg/L",IF(Q40<15,"10,0 ≤ Alca. Bruta < 15,0 mg/L","Alc. Bruta > 15 mg/L")))))) -> 5,0 ≤ Alc. Bruta < 7,5 mg/L | BA40: =IF(P40="","",IF(P40<5,"Cor <5 uC",IF(P40<10,"5 ≤ Cor < 10 uC",IF(P40<15,"10 ≤ Cor <15 uC",IF(P40<30,"15 ≤ Cor < 30 uC",IF(P40<50,"30 ≤ Cor < 50 uC","Cor > 50 uC")))))) -> 5 ≤ Cor < 10 uC | BB40: =IF(O40="","",IF(O40<2.5,"Turbidez < 2,5 uT",IF(O40<5,"2,5 ≤ Turb < 5,0 uT",IF(O40<7.5,"5,0 ≤ Turb < 7,5 uT",IF(O40<10,"7,5 ≤ Turb < 10,0 uT",IF(O40<15,"10,0 ≤ Turb < 15,0 uT","Turb > 15 uT")))))) -> Turbidez < 2,5 uT | BC40: =IF(AND(C40>D40,D40>E40),"TOR > SM > BNN",IF(AND(C40>E40,E40>D40),"TOR > BNN > SM",IF(AND(D40>C40,C40>E40),"SM > TOR > BNN",IF(AND(D40>E40,E40>C40),"SM > BNN > TOR",IF(AND(C40=D40,D40=E40),"TOR = SM = BNN","Comb. diferentes"))))) -> SM > TOR > BNN | BD40: =IF(OR(AE40="",AQ40="-"),"",IF(AE40<=0.25,"Tipo 1 (≤0,25) uT",IF(AE40<=0.5,"Tipo 2 (0,25-0,50) uT",IF(AE40<=0.75,"Tipo 3 (0,50-0,75) uT","Tipo 4 (>0,75) uT")))) -> Tipo 1 (≤0,25) uT | BE40: =IF(OR(AP40="",AZ40="-"),"",IF(AP40<=0.25,"Tipo 1 (≤0,25) uT",IF(AP40<=0.5,"Tipo 2 (0,25-0,50) uT",IF(AP40<=0.75,"Tipo 3 (0,50-0,75) uT","Tipo 4 (>0,75) uT")))) -> Tipo 1 (≤0,25) uT | BF40: =IF(OR(AF40="",AQ40="-"),"",IF(AF40<=0.25,"Tipo 1 (≤0,25) uT",IF(AF40<=0.5,"Tipo 2 (0,25-0,50) uT",IF(AF40<=0.75,"Tipo 3 (0,50-0,75) uT","Tipo 4 (>0,75) uT")))) -> Tipo 1 (≤0,25) uT | BG40: =IF(OR(AQ40="",AQ40="-"),"",IF(AQ40<=0.25,"Tipo 1 (≤0,25) uT",IF(AQ40<=0.5,"Tipo 2 (0,25-0,50) uT",IF(AQ40<=0.75,"Tipo 3 (0,50-0,75) uT","Tipo 4 (>0,75) uT")))) -> Tipo 1 (≤0,25) uT | BH40: =IF(OR(R40="",R40="-"),"",IF(R40<=0.25,"Tipo 1 (≤0,25) uT",IF(R40<=0.5,"Tipo 2 (0,25-0,50) uT",IF(R40<=0.75,"Tipo 3 (0,50-0,75) uT","Tipo 4 (>0,75) uT")))) -> Tipo 1 (≤0,25) uT
A41: 46263 | B41: 0.47916667 | C41: 408 | D41: 1508 | E41: 249 | F41: 2078 | G41: N | H41: 10.8 | I41: -139 | J41: 90 | K41: 90 | L41: 90 | M41: 26.5 | N41: 6.6 | O41: 0.82 | P41: 6 | Q41: 6.3 | R41: 0.07 | S41: 22.36 | T41: 0.88 | U41: 0.7 | V41: =(O41+0.3*H41+2)*(F41/2/Z41) -> 1574.085 | W41: =S41*(U41*AA41*0.987-T41)*AB41 -> 1380.435 | X41: =W41/V41 -> 0.87697618 | Y41: 3 | Z41: 4 | AA41: 6.53 | AB41: 17 | AC41: 6.2 | AD41: 4.2 | AE41: 0.08 | AF41: 0.11 | AG41: =(O41+0.3*H41+2)*(F41/2/AK41) -> 1574.085 | AH41: =S41*(U41*AL41*0.987-T41)*AM41 -> 1778.8184 | AI41: =AH41/AG41 -> 1.130065 | AJ41: 3 | AK41: 4 | AL41: 6.28 | AM41: 23 | AN41: 6.3 | AO41: 4.2 | AP41: 0.08 | AQ41: 0.17 | AR41: =SUM(C41:E41) -> 2165 | AS41: =C41/AR41 -> 0.18845266 | AT41: =D41/AR41 -> 0.6965358 | AU41: =E41/AR41 -> 0.11501155 | AV41: =IF(AND(F41<>"",Z41<>""),AB41/(F41/2/Z41),"") -> 0.065447546 | AW41: =IF(AND(F41<>"",AK41<>""),AM41/(F41/2/AK41),"") -> 0.088546679 | AX41: =IF(AND(AQ41<>"",1-(AQ41/O41)>0),1-(AQ41/O41),"") -> 0.79268293 | AY41: =IF(AND(AF41<>"",1-(AF41/O41)>0),1-(AF41/O41),"") -> 0.86585366 | AZ41: =IF(Q41="","",IF(Q41<2.5,"Alc. Bruta < 2,5 mg/L",IF(Q41<5,"2,5 ≤ Alc. Bruta < 5,0 mg/L",IF(Q41<7.5,"5,0 ≤ Alc. Bruta < 7,5 mg/L",IF(Q41<10,"7,5 ≤ Alc. Bruta < 10,0 mg/L",IF(Q41<15,"10,0 ≤ Alca. Bruta < 15,0 mg/L","Alc. Bruta > 15 mg/L")))))) -> 5,0 ≤ Alc. Bruta < 7,5 mg/L | BA41: =IF(P41="","",IF(P41<5,"Cor <5 uC",IF(P41<10,"5 ≤ Cor < 10 uC",IF(P41<15,"10 ≤ Cor <15 uC",IF(P41<30,"15 ≤ Cor < 30 uC",IF(P41<50,"30 ≤ Cor < 50 uC","Cor > 50 uC")))))) -> 5 ≤ Cor < 10 uC | BB41: =IF(O41="","",IF(O41<2.5,"Turbidez < 2,5 uT",IF(O41<5,"2,5 ≤ Turb < 5,0 uT",IF(O41<7.5,"5,0 ≤ Turb < 7,5 uT",IF(O41<10,"7,5 ≤ Turb < 10,0 uT",IF(O41<15,"10,0 ≤ Turb < 15,0 uT","Turb > 15 uT")))))) -> Turbidez < 2,5 uT | BC41: =IF(AND(C41>D41,D41>E41),"TOR > SM > BNN",IF(AND(C41>E41,E41>D41),"TOR > BNN > SM",IF(AND(D41>C41,C41>E41),"SM > TOR > BNN",IF(AND(D41>E41,E41>C41),"SM > BNN > TOR",IF(AND(C41=D41,D41=E41),"TOR = SM = BNN","Comb. diferentes"))))) -> SM > TOR > BNN | BD41: =IF(OR(AE41="",AQ41="-"),"",IF(AE41<=0.25,"Tipo 1 (≤0,25) uT",IF(AE41<=0.5,"Tipo 2 (0,25-0,50) uT",IF(AE41<=0.75,"Tipo 3 (0,50-0,75) uT","Tipo 4 (>0,75) uT")))) -> Tipo 1 (≤0,25) uT | BE41: =IF(OR(AP41="",AZ41="-"),"",IF(AP41<=0.25,"Tipo 1 (≤0,25) uT",IF(AP41<=0.5,"Tipo 2 (0,25-0,50) uT",IF(AP41<=0.75,"Tipo 3 (0,50-0,75) uT","Tipo 4 (>0,75) uT")))) -> Tipo 1 (≤0,25) uT | BF41: =IF(OR(AF41="",AQ41="-"),"",IF(AF41<=0.25,"Tipo 1 (≤0,25) uT",IF(AF41<=0.5,"Tipo 2 (0,25-0,50) uT",IF(AF41<=0.75,"Tipo 3 (0,50-0,75) uT","Tipo 4 (>0,75) uT")))) -> Tipo 1 (≤0,25) uT | BG41: =IF(OR(AQ41="",AQ41="-"),"",IF(AQ41<=0.25,"Tipo 1 (≤0,25) uT",IF(AQ41<=0.5,"Tipo 2 (0,25-0,50) uT",IF(AQ41<=0.75,"Tipo 3 (0,50-0,75) uT","Tipo 4 (>0,75) uT")))) -> Tipo 1 (≤0,25) uT | BH41: =IF(OR(R41="",R41="-"),"",IF(R41<=0.25,"Tipo 1 (≤0,25) uT",IF(R41<=0.5,"Tipo 2 (0,25-0,50) uT",IF(R41<=0.75,"Tipo 3 (0,50-0,75) uT","Tipo 4 (>0,75) uT")))) -> Tipo 1 (≤0,25) uT
A42: 46263 | B42: 0.64583333 | C42: 319 | D42: 1599 | E42: 249 | F42: 2070 | G42: N | H42: 10.8 | I42: -129 | J42: 90 | K42: 90 | L42: 90 | M42: 27.5 | N42: 6.6 | O42: 0.77 | P42: 5 | Q42: 6.5 | R42: 0.08 | S42: 22.36 | T42: 0.88 | U42: 0.7 | V42: =(O42+0.3*H42+2)*(F42/2/Z42) -> 1555.0875 | W42: =S42*(U42*AA42*0.987-T42)*AB42 -> 1388.3138 | X42: =W42/V42 -> 0.89275606 | Y42: 3 | Z42: 4 | AA42: 6.56 | AB42: 17 | AC42: 6.2 | AD42: 4.2 | AE42: 0.09 | AF42: 0.1 | AG42: =(O42+0.3*H42+2)*(F42/2/AK42) -> 1555.0875 | AH42: =S42*(U42*AL42*0.987-T42)*AM42 -> 1664.093 | AI42: =AH42/AG42 -> 1.0700961 | AJ42: 3 | AK42: 4 | AL42: 6.17 | AM42: 22 | AN42: 6.2 | AO42: 4.2 | AP42: 0.18 | AQ42: 0.28 | AR42: =SUM(C42:E42) -> 2167 | AS42: =C42/AR42 -> 0.14720812 | AT42: =D42/AR42 -> 0.73788648 | AU42: =E42/AR42 -> 0.1149054 | AV42: =IF(AND(F42<>"",Z42<>""),AB42/(F42/2/Z42),"") -> 0.065700483 | AW42: =IF(AND(F42<>"",AK42<>""),AM42/(F42/2/AK42),"") -> 0.085024155 | AX42: =IF(AND(AQ42<>"",1-(AQ42/O42)>0),1-(AQ42/O42),"") -> 0.63636364 | AY42: =IF(AND(AF42<>"",1-(AF42/O42)>0),1-(AF42/O42),"") -> 0.87012987 | AZ42: =IF(Q42="","",IF(Q42<2.5,"Alc. Bruta < 2,5 mg/L",IF(Q42<5,"2,5 ≤ Alc. Bruta < 5,0 mg/L",IF(Q42<7.5,"5,0 ≤ Alc. Bruta < 7,5 mg/L",IF(Q42<10,"7,5 ≤ Alc. Bruta < 10,0 mg/L",IF(Q42<15,"10,0 ≤ Alca. Bruta < 15,0 mg/L","Alc. Bruta > 15 mg/L")))))) -> 5,0 ≤ Alc. Bruta < 7,5 mg/L | BA42: =IF(P42="","",IF(P42<5,"Cor <5 uC",IF(P42<10,"5 ≤ Cor < 10 uC",IF(P42<15,"10 ≤ Cor <15 uC",IF(P42<30,"15 ≤ Cor < 30 uC",IF(P42<50,"30 ≤ Cor < 50 uC","Cor > 50 uC")))))) -> 5 ≤ Cor < 10 uC | BB42: =IF(O42="","",IF(O42<2.5,"Turbidez < 2,5 uT",IF(O42<5,"2,5 ≤ Turb < 5,0 uT",IF(O42<7.5,"5,0 ≤ Turb < 7,5 uT",IF(O42<10,"7,5 ≤ Turb < 10,0 uT",IF(O42<15,"10,0 ≤ Turb < 15,0 uT","Turb > 15 uT")))))) -> Turbidez < 2,5 uT | BC42: =IF(AND(C42>D42,D42>E42),"TOR > SM > BNN",IF(AND(C42>E42,E42>D42),"TOR > BNN > SM",IF(AND(D42>C42,C42>E42),"SM > TOR > BNN",IF(AND(D42>E42,E42>C42),"SM > BNN > TOR",IF(AND(C42=D42,D42=E42),"TOR = SM = BNN","Comb. diferentes"))))) -> SM > TOR > BNN | BD42: =IF(OR(AE42="",AQ42="-"),"",IF(AE42<=0.25,"Tipo 1 (≤0,25) uT",IF(AE42<=0.5,"Tipo 2 (0,25-0,50) uT",IF(AE42<=0.75,"Tipo 3 (0,50-0,75) uT","Tipo 4 (>0,75) uT")))) -> Tipo 1 (≤0,25) uT | BE42: =IF(OR(AP42="",AZ42="-"),"",IF(AP42<=0.25,"Tipo 1 (≤0,25) uT",IF(AP42<=0.5,"Tipo 2 (0,25-0,50) uT",IF(AP42<=0.75,"Tipo 3 (0,50-0,75) uT","Tipo 4 (>0,75) uT")))) -> Tipo 1 (≤0,25) uT | BF42: =IF(OR(AF42="",AQ42="-"),"",IF(AF42<=0.25,"Tipo 1 (≤0,25) uT",IF(AF42<=0.5,"Tipo 2 (0,25-0,50) uT",IF(AF42<=0.75,"Tipo 3 (0,50-0,75) uT","Tipo 4 (>0,75) uT")))) -> Tipo 1 (≤0,25) uT | BG42: =IF(OR(AQ42="",AQ42="-"),"",IF(AQ42<=0.25,"Tipo 1 (≤0,25) uT",IF(AQ42<=0.5,"Tipo 2 (0,25-0,50) uT",IF(AQ42<=0.75,"Tipo 3 (0,50-0,75) uT","Tipo 4 (>0,75) uT")))) -> Tipo 2 (0,25-0,50) uT | BH42: =IF(OR(R42="",R42="-"),"",IF(R42<=0.25,"Tipo 1 (≤0,25) uT",IF(R42<=0.5,"Tipo 2 (0,25-0,50) uT",IF(R42<=0.75,"Tipo 3 (0,50-0,75) uT","Tipo 4 (>0,75) uT")))) -> Tipo 1 (≤0,25) uT
A43: 46263 | B43: 0.72916667 | C43: 311 | D43: 995 | E43: 307 | F43: 1635 | G43: N | H43: 10.8 | I43: -126 | J43: 90 | K43: 90 | L43: 90 | M43: 26.9 | N43: 6.5 | O43: 0.8 | P43: 5 | Q43: 6.1 | R43: 0.07 | S43: 22.36 | T43: 0.88 | U43: 0.7 | V43: =(O43+0.3*H43+2)*(F43/2/Z43) -> 1234.425 | W43: =S43*(U43*AA43*0.987-T43)*AB43 -> 1385.6875 | X43: =W43/V43 -> 1.1225368 | Y43: 2 | Z43: 4 | AA43: 6.55 | AB43: 17 | AC43: 6.2 | AD43: 3.8 | AE43: 0.08 | AF43: 0.11 | AG43: =(O43+0.3*H43+2)*(F43/2/AK43) -> 1645.9 | AH43: =S43*(U43*AL43*0.987-T43)*AM43 -> 1819.0819 | AI43: =AH43/AG43 -> 1.1052202 | AJ43: 2 | AK43: 3 | AL43: 6.18 | AM43: 24 | AN43: 6.3 | AO43: 4.3 | AP43: 0.1 | AQ43: 0.23 | AR43: =SUM(C43:E43) -> 1613 | AS43: =C43/AR43 -> 0.19280843 | AT43: =D43/AR43 -> 0.61686299 | AU43: =E43/AR43 -> 0.19032858 | AV43: =IF(AND(F43<>"",Z43<>""),AB43/(F43/2/Z43),"") -> 0.083180428 | AW43: =IF(AND(F43<>"",AK43<>""),AM43/(F43/2/AK43),"") -> 0.088073394 | AX43: =IF(AND(AQ43<>"",1-(AQ43/O43)>0),1-(AQ43/O43),"") -> 0.7125 | AY43: =IF(AND(AF43<>"",1-(AF43/O43)>0),1-(AF43/O43),"") -> 0.8625 | AZ43: =IF(Q43="","",IF(Q43<2.5,"Alc. Bruta < 2,5 mg/L",IF(Q43<5,"2,5 ≤ Alc. Bruta < 5,0 mg/L",IF(Q43<7.5,"5,0 ≤ Alc. Bruta < 7,5 mg/L",IF(Q43<10,"7,5 ≤ Alc. Bruta < 10,0 mg/L",IF(Q43<15,"10,0 ≤ Alca. Bruta < 15,0 mg/L","Alc. Bruta > 15 mg/L")))))) -> 5,0 ≤ Alc. Bruta < 7,5 mg/L | BA43: =IF(P43="","",IF(P43<5,"Cor <5 uC",IF(P43<10,"5 ≤ Cor < 10 uC",IF(P43<15,"10 ≤ Cor <15 uC",IF(P43<30,"15 ≤ Cor < 30 uC",IF(P43<50,"30 ≤ Cor < 50 uC","Cor > 50 uC")))))) -> 5 ≤ Cor < 10 uC | BB43: =IF(O43="","",IF(O43<2.5,"Turbidez < 2,5 uT",IF(O43<5,"2,5 ≤ Turb < 5,0 uT",IF(O43<7.5,"5,0 ≤ Turb < 7,5 uT",IF(O43<10,"7,5 ≤ Turb < 10,0 uT",IF(O43<15,"10,0 ≤ Turb < 15,0 uT","Turb > 15 uT")))))) -> Turbidez < 2,5 uT | BC43: =IF(AND(C43>D43,D43>E43),"TOR > SM > BNN",IF(AND(C43>E43,E43>D43),"TOR > BNN > SM",IF(AND(D43>C43,C43>E43),"SM > TOR > BNN",IF(AND(D43>E43,E43>C43),"SM > BNN > TOR",IF(AND(C43=D43,D43=E43),"TOR = SM = BNN","Comb. diferentes"))))) -> SM > TOR > BNN | BD43: =IF(OR(AE43="",AQ43="-"),"",IF(AE43<=0.25,"Tipo 1 (≤0,25) uT",IF(AE43<=0.5,"Tipo 2 (0,25-0,50) uT",IF(AE43<=0.75,"Tipo 3 (0,50-0,75) uT","Tipo 4 (>0,75) uT")))) -> Tipo 1 (≤0,25) uT | BE43: =IF(OR(AP43="",AZ43="-"),"",IF(AP43<=0.25,"Tipo 1 (≤0,25) uT",IF(AP43<=0.5,"Tipo 2 (0,25-0,50) uT",IF(AP43<=0.75,"Tipo 3 (0,50-0,75) uT","Tipo 4 (>0,75) uT")))) -> Tipo 1 (≤0,25) uT | BF43: =IF(OR(AF43="",AQ43="-"),"",IF(AF43<=0.25,"Tipo 1 (≤0,25) uT",IF(AF43<=0.5,"Tipo 2 (0,25-0,50) uT",IF(AF43<=0.75,"Tipo 3 (0,50-0,75) uT","Tipo 4 (>0,75) uT")))) -> Tipo 1 (≤0,25) uT | BG43: =IF(OR(AQ43="",AQ43="-"),"",IF(AQ43<=0.25,"Tipo 1 (≤0,25) uT",IF(AQ43<=0.5,"Tipo 2 (0,25-0,50) uT",IF(AQ43<=0.75,"Tipo 3 (0,50-0,75) uT","Tipo 4 (>0,75) uT")))) -> Tipo 1 (≤0,25) uT | BH43: =IF(OR(R43="",R43="-"),"",IF(R43<=0.25,"Tipo 1 (≤0,25) uT",IF(R43<=0.5,"Tipo 2 (0,25-0,50) uT",IF(R43<=0.75,"Tipo 3 (0,50-0,75) uT","Tipo 4 (>0,75) uT")))) -> Tipo 1 (≤0,25) uT
A44: 46263 | B44: 0.8125 | C44: 320 | D44: 934 | E44: 500 | F44: 1775 | G44: N | H44: 10.8 | I44: -112 | J44: 90 | K44: 90 | L44: 90 | M44: 26.1 | N44: 6.5 | O44: 0.93 | P44: 6 | Q44: 6.2 | R44: 0.06 | S44: 22.36 | T44: 0.88 | U44: 0.7 | V44: =(O44+0.3*H44+2)*(F44/2/Z44) -> 1368.9688 | W44: =S44*(U44*AA44*0.987-T44)*AB44 -> 1372.5563 | X44: =W44/V44 -> 1.0026206 | Y44: 2 | Z44: 4 | AA44: 6.5 | AB44: 17 | AC44: 6.2 | AD44: 4 | AE44: 0.1 | AF44: 0.1 | AG44: =(O44+0.3*H44+2)*(F44/2/AK44) -> 1825.2917 | AH44: =S44*(U44*AL44*0.987-T44)*AM44 -> 1750.3931 | AI44: =AH44/AG44 -> 0.95896626 | AJ44: 2 | AK44: 3 | AL44: 6.2 | AM44: 23 | AN44: 6.2 | AO44: 4.1 | AP44: 0.1 | AQ44: 0.2 | AR44: =SUM(C44:E44) -> 1754 | AS44: =C44/AR44 -> 0.18244014 | AT44: =D44/AR44 -> 0.53249715 | AU44: =E44/AR44 -> 0.28506271 | AV44: =IF(AND(F44<>"",Z44<>""),AB44/(F44/2/Z44),"") -> 0.076619718 | AW44: =IF(AND(F44<>"",AK44<>""),AM44/(F44/2/AK44),"") -> 0.077746479 | AX44: =IF(AND(AQ44<>"",1-(AQ44/O44)>0),1-(AQ44/O44),"") -> 0.78494624 | AY44: =IF(AND(AF44<>"",1-(AF44/O44)>0),1-(AF44/O44),"") -> 0.89247312 | AZ44: =IF(Q44="","",IF(Q44<2.5,"Alc. Bruta < 2,5 mg/L",IF(Q44<5,"2,5 ≤ Alc. Bruta < 5,0 mg/L",IF(Q44<7.5,"5,0 ≤ Alc. Bruta < 7,5 mg/L",IF(Q44<10,"7,5 ≤ Alc. Bruta < 10,0 mg/L",IF(Q44<15,"10,0 ≤ Alca. Bruta < 15,0 mg/L","Alc. Bruta > 15 mg/L")))))) -> 5,0 ≤ Alc. Bruta < 7,5 mg/L | BA44: =IF(P44="","",IF(P44<5,"Cor <5 uC",IF(P44<10,"5 ≤ Cor < 10 uC",IF(P44<15,"10 ≤ Cor <15 uC",IF(P44<30,"15 ≤ Cor < 30 uC",IF(P44<50,"30 ≤ Cor < 50 uC","Cor > 50 uC")))))) -> 5 ≤ Cor < 10 uC | BB44: =IF(O44="","",IF(O44<2.5,"Turbidez < 2,5 uT",IF(O44<5,"2,5 ≤ Turb < 5,0 uT",IF(O44<7.5,"5,0 ≤ Turb < 7,5 uT",IF(O44<10,"7,5 ≤ Turb < 10,0 uT",IF(O44<15,"10,0 ≤ Turb < 15,0 uT","Turb > 15 uT")))))) -> Turbidez < 2,5 uT | BC44: =IF(AND(C44>D44,D44>E44),"TOR > SM > BNN",IF(AND(C44>E44,E44>D44),"TOR > BNN > SM",IF(AND(D44>C44,C44>E44),"SM > TOR > BNN",IF(AND(D44>E44,E44>C44),"SM > BNN > TOR",IF(AND(C44=D44,D44=E44),"TOR = SM = BNN","Comb. diferentes"))))) -> SM > BNN > TOR | BD44: =IF(OR(AE44="",AQ44="-"),"",IF(AE44<=0.25,"Tipo 1 (≤0,25) uT",IF(AE44<=0.5,"Tipo 2 (0,25-0,50) uT",IF(AE44<=0.75,"Tipo 3 (0,50-0,75) uT","Tipo 4 (>0,75) uT")))) -> Tipo 1 (≤0,25) uT | BE44: =IF(OR(AP44="",AZ44="-"),"",IF(AP44<=0.25,"Tipo 1 (≤0,25) uT",IF(AP44<=0.5,"Tipo 2 (0,25-0,50) uT",IF(AP44<=0.75,"Tipo 3 (0,50-0,75) uT","Tipo 4 (>0,75) uT")))) -> Tipo 1 (≤0,25) uT | BF44: =IF(OR(AF44="",AQ44="-"),"",IF(AF44<=0.25,"Tipo 1 (≤0,25) uT",IF(AF44<=0.5,"Tipo 2 (0,25-0,50) uT",IF(AF44<=0.75,"Tipo 3 (0,50-0,75) uT","Tipo 4 (>0,75) uT")))) -> Tipo 1 (≤0,25) uT | BG44: =IF(OR(AQ44="",AQ44="-"),"",IF(AQ44<=0.25,"Tipo 1 (≤0,25) uT",IF(AQ44<=0.5,"Tipo 2 (0,25-0,50) uT",IF(AQ44<=0.75,"Tipo 3 (0,50-0,75) uT","Tipo 4 (>0,75) uT")))) -> Tipo 1 (≤0,25) uT | BH44: =IF(OR(R44="",R44="-"),"",IF(R44<=0.25,"Tipo 1 (≤0,25) uT",IF(R44<=0.5,"Tipo 2 (0,25-0,50) uT",IF(R44<=0.75,"Tipo 3 (0,50-0,75) uT","Tipo 4 (>0,75) uT")))) -> Tipo 1 (≤0,25) uT
A45: 46263 | B45: 0.89583333 | C45: 381 | D45: 955 | E45: 500 | F45: 1775 | G45: N | H45: 10.8 | I45: -107 | J45: 90 | K45: 90 | L45: 90 | M45: 25.5 | N45: 6.7 | O45: 0.75 | P45: 6 | Q45: 8.4 | R45: 0.06 | S45: 22.36 | T45: 0.88 | U45: 0.7 | V45: =(O45+0.3*H45+2)*(F45/2/Z45) -> 1329.0312 | W45: =S45*(U45*AA45*0.987-T45)*AB45 -> 1372.5563 | X45: =W45/V45 -> 1.0327495 | Y45: 2 | Z45: 4 | AA45: 6.5 | AB45: 17 | AC45: 6.4 | AD45: 4.1 | AE45: 0.13 | AF45: 0.1 | AG45: =(O45+0.3*H45+2)*(F45/2/AK45) -> 1772.0417 | AH45: =S45*(U45*AL45*0.987-T45)*AM45 -> 1789.4207 | AI45: =AH45/AG45 -> 1.0098074 | AJ45: 2 | AK45: 3 | AL45: 6.1 | AM45: 24 | AN45: 6.5 | AO45: 4.1 | AP45: 0.14 | AQ45: 0.1 | AR45: =SUM(C45:E45) -> 1836 | AS45: =C45/AR45 -> 0.20751634 | AT45: =D45/AR45 -> 0.52015251 | AU45: =E45/AR45 -> 0.27233115 | AV45: =IF(AND(F45<>"",Z45<>""),AB45/(F45/2/Z45),"") -> 0.076619718 | AW45: =IF(AND(F45<>"",AK45<>""),AM45/(F45/2/AK45),"") -> 0.081126761 | AX45: =IF(AND(AQ45<>"",1-(AQ45/O45)>0),1-(AQ45/O45),"") -> 0.86666667 | AY45: =IF(AND(AF45<>"",1-(AF45/O45)>0),1-(AF45/O45),"") -> 0.86666667 | AZ45: =IF(Q45="","",IF(Q45<2.5,"Alc. Bruta < 2,5 mg/L",IF(Q45<5,"2,5 ≤ Alc. Bruta < 5,0 mg/L",IF(Q45<7.5,"5,0 ≤ Alc. Bruta < 7,5 mg/L",IF(Q45<10,"7,5 ≤ Alc. Bruta < 10,0 mg/L",IF(Q45<15,"10,0 ≤ Alca. Bruta < 15,0 mg/L","Alc. Bruta > 15 mg/L")))))) -> 7,5 ≤ Alc. Bruta < 10,0 mg/L | BA45: =IF(P45="","",IF(P45<5,"Cor <5 uC",IF(P45<10,"5 ≤ Cor < 10 uC",IF(P45<15,"10 ≤ Cor <15 uC",IF(P45<30,"15 ≤ Cor < 30 uC",IF(P45<50,"30 ≤ Cor < 50 uC","Cor > 50 uC")))))) -> 5 ≤ Cor < 10 uC | BB45: =IF(O45="","",IF(O45<2.5,"Turbidez < 2,5 uT",IF(O45<5,"2,5 ≤ Turb < 5,0 uT",IF(O45<7.5,"5,0 ≤ Turb < 7,5 uT",IF(O45<10,"7,5 ≤ Turb < 10,0 uT",IF(O45<15,"10,0 ≤ Turb < 15,0 uT","Turb > 15 uT")))))) -> Turbidez < 2,5 uT | BC45: =IF(AND(C45>D45,D45>E45),"TOR > SM > BNN",IF(AND(C45>E45,E45>D45),"TOR > BNN > SM",IF(AND(D45>C45,C45>E45),"SM > TOR > BNN",IF(AND(D45>E45,E45>C45),"SM > BNN > TOR",IF(AND(C45=D45,D45=E45),"TOR = SM = BNN","Comb. diferentes"))))) -> SM > BNN > TOR | BD45: =IF(OR(AE45="",AQ45="-"),"",IF(AE45<=0.25,"Tipo 1 (≤0,25) uT",IF(AE45<=0.5,"Tipo 2 (0,25-0,50) uT",IF(AE45<=0.75,"Tipo 3 (0,50-0,75) uT","Tipo 4 (>0,75) uT")))) -> Tipo 1 (≤0,25) uT | BE45: =IF(OR(AP45="",AZ45="-"),"",IF(AP45<=0.25,"Tipo 1 (≤0,25) uT",IF(AP45<=0.5,"Tipo 2 (0,25-0,50) uT",IF(AP45<=0.75,"Tipo 3 (0,50-0,75) uT","Tipo 4 (>0,75) uT")))) -> Tipo 1 (≤0,25) uT | BF45: =IF(OR(AF45="",AQ45="-"),"",IF(AF45<=0.25,"Tipo 1 (≤0,25) uT",IF(AF45<=0.5,"Tipo 2 (0,25-0,50) uT",IF(AF45<=0.75,"Tipo 3 (0,50-0,75) uT","Tipo 4 (>0,75) uT")))) -> Tipo 1 (≤0,25) uT | BG45: =IF(OR(AQ45="",AQ45="-"),"",IF(AQ45<=0.25,"Tipo 1 (≤0,25) uT",IF(AQ45<=0.5,"Tipo 2 (0,25-0,50) uT",IF(AQ45<=0.75,"Tipo 3 (0,50-0,75) uT","Tipo 4 (>0,75) uT")))) -> Tipo 1 (≤0,25) uT | BH45: =IF(OR(R45="",R45="-"),"",IF(R45<=0.25,"Tipo 1 (≤0,25) uT",IF(R45<=0.5,"Tipo 2 (0,25-0,50) uT",IF(R45<=0.75,"Tipo 3 (0,50-0,75) uT","Tipo 4 (>0,75) uT")))) -> Tipo 1 (≤0,25) uT
A46: 46263 | B46: 0.97916667 | C46: 391 | D46: 970 | E46: 500 | F46: 1833 | G46: N | H46: 10.8 | I46: -99 | J46: 90 | K46: 90 | L46: 90 | M46: 24.3 | N46: 6.6 | O46: 0.89 | P46: 6 | Q46: 8.2 | R46: 0.06 | S46: 22.36 | T46: 0.88 | U46: 0.7 | V46: =(O46+0.3*H46+2)*(F46/2/Z46) -> 1404.5362 | W46: =S46*(U46*AA46*0.987-T46)*AB46 -> 1372.5563 | X46: =W46/V46 -> 0.97723096 | Y46: 2 | Z46: 4 | AA46: 6.5 | AB46: 17 | AC46: 6.2 | AD46: 6.6 | AE46: 0.12 | AF46: 0.1 | AG46: =(O46+0.3*H46+2)*(F46/2/AK46) -> 1872.715 | AH46: =S46*(U46*AL46*0.987-T46)*AM46 -> 1750.3931 | AI46: =AH46/AG46 -> 0.93468206 | AJ46: 2 | AK46: 3 | AL46: 6.2 | AM46: 23 | AN46: 6.4 | AO46: 6.3 | AP46: 0.17 | AQ46: 0.19 | AR46: =SUM(C46:E46) -> 1861 | AS46: =C46/AR46 -> 0.2101021 | AT46: =D46/AR46 -> 0.52122515 | AU46: =E46/AR46 -> 0.26867276 | AV46: =IF(AND(F46<>"",Z46<>""),AB46/(F46/2/Z46),"") -> 0.074195308 | AW46: =IF(AND(F46<>"",AK46<>""),AM46/(F46/2/AK46),"") -> 0.075286416 | AX46: =IF(AND(AQ46<>"",1-(AQ46/O46)>0),1-(AQ46/O46),"") -> 0.78651685 | AY46: =IF(AND(AF46<>"",1-(AF46/O46)>0),1-(AF46/O46),"") -> 0.88764045 | AZ46: =IF(Q46="","",IF(Q46<2.5,"Alc. Bruta < 2,5 mg/L",IF(Q46<5,"2,5 ≤ Alc. Bruta < 5,0 mg/L",IF(Q46<7.5,"5,0 ≤ Alc. Bruta < 7,5 mg/L",IF(Q46<10,"7,5 ≤ Alc. Bruta < 10,0 mg/L",IF(Q46<15,"10,0 ≤ Alca. Bruta < 15,0 mg/L","Alc. Bruta > 15 mg/L")))))) -> 7,5 ≤ Alc. Bruta < 10,0 mg/L | BA46: =IF(P46="","",IF(P46<5,"Cor <5 uC",IF(P46<10,"5 ≤ Cor < 10 uC",IF(P46<15,"10 ≤ Cor <15 uC",IF(P46<30,"15 ≤ Cor < 30 uC",IF(P46<50,"30 ≤ Cor < 50 uC","Cor > 50 uC")))))) -> 5 ≤ Cor < 10 uC | BB46: =IF(O46="","",IF(O46<2.5,"Turbidez < 2,5 uT",IF(O46<5,"2,5 ≤ Turb < 5,0 uT",IF(O46<7.5,"5,0 ≤ Turb < 7,5 uT",IF(O46<10,"7,5 ≤ Turb < 10,0 uT",IF(O46<15,"10,0 ≤ Turb < 15,0 uT","Turb > 15 uT")))))) -> Turbidez < 2,5 uT | BC46: =IF(AND(C46>D46,D46>E46),"TOR > SM > BNN",IF(AND(C46>E46,E46>D46),"TOR > BNN > SM",IF(AND(D46>C46,C46>E46),"SM > TOR > BNN",IF(AND(D46>E46,E46>C46),"SM > BNN > TOR",IF(AND(C46=D46,D46=E46),"TOR = SM = BNN","Comb. diferentes"))))) -> SM > BNN > TOR | BD46: =IF(OR(AE46="",AQ46="-"),"",IF(AE46<=0.25,"Tipo 1 (≤0,25) uT",IF(AE46<=0.5,"Tipo 2 (0,25-0,50) uT",IF(AE46<=0.75,"Tipo 3 (0,50-0,75) uT","Tipo 4 (>0,75) uT")))) -> Tipo 1 (≤0,25) uT | BE46: =IF(OR(AP46="",AZ46="-"),"",IF(AP46<=0.25,"Tipo 1 (≤0,25) uT",IF(AP46<=0.5,"Tipo 2 (0,25-0,50) uT",IF(AP46<=0.75,"Tipo 3 (0,50-0,75) uT","Tipo 4 (>0,75) uT")))) -> Tipo 1 (≤0,25) uT | BF46: =IF(OR(AF46="",AQ46="-"),"",IF(AF46<=0.25,"Tipo 1 (≤0,25) uT",IF(AF46<=0.5,"Tipo 2 (0,25-0,50) uT",IF(AF46<=0.75,"Tipo 3 (0,50-0,75) uT","Tipo 4 (>0,75) uT")))) -> Tipo 1 (≤0,25) uT | BG46: =IF(OR(AQ46="",AQ46="-"),"",IF(AQ46<=0.25,"Tipo 1 (≤0,25) uT",IF(AQ46<=0.5,"Tipo 2 (0,25-0,50) uT",IF(AQ46<=0.75,"Tipo 3 (0,50-0,75) uT","Tipo 4 (>0,75) uT")))) -> Tipo 1 (≤0,25) uT | BH46: =IF(OR(R46="",R46="-"),"",IF(R46<=0.25,"Tipo 1 (≤0,25) uT",IF(R46<=0.5,"Tipo 2 (0,25-0,50) uT",IF(R46<=0.75,"Tipo 3 (0,50-0,75) uT","Tipo 4 (>0,75) uT")))) -> Tipo 1 (≤0,25) uT
A47: 46264 | B47: 0.0625 | C47: 382 | D47: 967 | E47: 499 | F47: 1877 | G47: N | H47: 10.5 | I47: -90 | J47: 90 | K47: 90 | L47: 90 | M47: 25.8 | N47: 6.6 | O47: 0.93 | P47: 7 | Q47: 9.1 | R47: 0.07 | S47: 22.36 | T47: 0.88 | U47: 0.7 | V47: =(O47+0.3*H47+2)*(F47/2/Z47) -> 1426.52 | W47: =S47*(U47*AA47*0.987-T47)*AB47 -> 1372.5563 | X47: =W47/V47 -> 0.96217109 | Y47: 2 | Z47: 4 | AA47: 6.5 | AB47: 17 | AC47: 6.2 | AD47: 7.1 | AE47: 0.11 | AF47: 0.1 | AG47: =(O47+0.3*H47+2)*(F47/2/AK47) -> 1902.0267 | AH47: =S47*(U47*AL47*0.987-T47)*AM47 -> 1750.3931 | AI47: =AH47/AG47 -> 0.92027791 | AJ47: 2 | AK47: 3 | AL47: 6.2 | AM47: 23 | AN47: 6.4 | AO47: 6.9 | AP47: 0.16 | AQ47: 0.16 | AR47: =SUM(C47:E47) -> 1848 | AS47: =C47/AR47 -> 0.20670996 | AT47: =D47/AR47 -> 0.5232684 | AU47: =E47/AR47 -> 0.27002165 | AV47: =IF(AND(F47<>"",Z47<>""),AB47/(F47/2/Z47),"") -> 0.072456047 | AW47: =IF(AND(F47<>"",AK47<>""),AM47/(F47/2/AK47),"") -> 0.073521577 | AX47: =IF(AND(AQ47<>"",1-(AQ47/O47)>0),1-(AQ47/O47),"") -> 0.82795699 | AY47: =IF(AND(AF47<>"",1-(AF47/O47)>0),1-(AF47/O47),"") -> 0.89247312 | AZ47: =IF(Q47="","",IF(Q47<2.5,"Alc. Bruta < 2,5 mg/L",IF(Q47<5,"2,5 ≤ Alc. Bruta < 5,0 mg/L",IF(Q47<7.5,"5,0 ≤ Alc. Bruta < 7,5 mg/L",IF(Q47<10,"7,5 ≤ Alc. Bruta < 10,0 mg/L",IF(Q47<15,"10,0 ≤ Alca. Bruta < 15,0 mg/L","Alc. Bruta > 15 mg/L")))))) -> 7,5 ≤ Alc. Bruta < 10,0 mg/L | BA47: =IF(P47="","",IF(P47<5,"Cor <5 uC",IF(P47<10,"5 ≤ Cor < 10 uC",IF(P47<15,"10 ≤ Cor <15 uC",IF(P47<30,"15 ≤ Cor < 30 uC",IF(P47<50,"30 ≤ Cor < 50 uC","Cor > 50 uC")))))) -> 5 ≤ Cor < 10 uC | BB47: =IF(O47="","",IF(O47<2.5,"Turbidez < 2,5 uT",IF(O47<5,"2,5 ≤ Turb < 5,0 uT",IF(O47<7.5,"5,0 ≤ Turb < 7,5 uT",IF(O47<10,"7,5 ≤ Turb < 10,0 uT",IF(O47<15,"10,0 ≤ Turb < 15,0 uT","Turb > 15 uT")))))) -> Turbidez < 2,5 uT | BC47: =IF(AND(C47>D47,D47>E47),"TOR > SM > BNN",IF(AND(C47>E47,E47>D47),"TOR > BNN > SM",IF(AND(D47>C47,C47>E47),"SM > TOR > BNN",IF(AND(D47>E47,E47>C47),"SM > BNN > TOR",IF(AND(C47=D47,D47=E47),"TOR = SM = BNN","Comb. diferentes"))))) -> SM > BNN > TOR | BD47: =IF(OR(AE47="",AQ47="-"),"",IF(AE47<=0.25,"Tipo 1 (≤0,25) uT",IF(AE47<=0.5,"Tipo 2 (0,25-0,50) uT",IF(AE47<=0.75,"Tipo 3 (0,50-0,75) uT","Tipo 4 (>0,75) uT")))) -> Tipo 1 (≤0,25) uT | BE47: =IF(OR(AP47="",AZ47="-"),"",IF(AP47<=0.25,"Tipo 1 (≤0,25) uT",IF(AP47<=0.5,"Tipo 2 (0,25-0,50) uT",IF(AP47<=0.75,"Tipo 3 (0,50-0,75) uT","Tipo 4 (>0,75) uT")))) -> Tipo 1 (≤0,25) uT | BF47: =IF(OR(AF47="",AQ47="-"),"",IF(AF47<=0.25,"Tipo 1 (≤0,25) uT",IF(AF47<=0.5,"Tipo 2 (0,25-0,50) uT",IF(AF47<=0.75,"Tipo 3 (0,50-0,75) uT","Tipo 4 (>0,75) uT")))) -> Tipo 1 (≤0,25) uT | BG47: =IF(OR(AQ47="",AQ47="-"),"",IF(AQ47<=0.25,"Tipo 1 (≤0,25) uT",IF(AQ47<=0.5,"Tipo 2 (0,25-0,50) uT",IF(AQ47<=0.75,"Tipo 3 (0,50-0,75) uT","Tipo 4 (>0,75) uT")))) -> Tipo 1 (≤0,25) uT | BH47: =IF(OR(R47="",R47="-"),"",IF(R47<=0.25,"Tipo 1 (≤0,25) uT",IF(R47<=0.5,"Tipo 2 (0,25-0,50) uT",IF(R47<=0.75,"Tipo 3 (0,50-0,75) uT","Tipo 4 (>0,75) uT")))) -> Tipo 1 (≤0,25) uT
A48: 46264 | B48: 0.14583333 | C48: 395 | D48: 777 | E48: 500 | F48: 1658 | G48: N | H48: 10.8 | I48: -107 | J48: 90 | K48: 90 | L48: 90 | M48: 25.3 | N48: 6.6 | O48: 0.85 | P48: 5 | Q48: 8.4 | R48: 0.06 | S48: 22.36 | T48: 0.88 | U48: 0.7 | V48: =(O48+0.3*H48+2)*(F48/2/Z48) -> 1262.1525 | W48: =S48*(U48*AA48*0.987-T48)*AB48 -> 1372.5563 | X48: =W48/V48 -> 1.0874726 | Y48: 2 | Z48: 4 | AA48: 6.5 | AB48: 17 | AC48: 6.3 | AD48: 7.6 | AE48: 0.16 | AF48: 0.1 | AG48: =(O48+0.3*H48+2)*(F48/2/AK48) -> 1682.87 | AH48: =S48*(U48*AL48*0.987-T48)*AM48 -> 1714.8615 | AI48: =AH48/AG48 -> 1.0190101 | AJ48: 2 | AK48: 3 | AL48: 6.1 | AM48: 23 | AN48: 6.4 | AO48: 7.2 | AP48: 0.1 | AQ48: 0.16 | AR48: =SUM(C48:E48) -> 1672 | AS48: =C48/AR48 -> 0.23624402 | AT48: =D48/AR48 -> 0.46471292 | AU48: =E48/AR48 -> 0.29904306 | AV48: =IF(AND(F48<>"",Z48<>""),AB48/(F48/2/Z48),"") -> 0.082026538 | AW48: =IF(AND(F48<>"",AK48<>""),AM48/(F48/2/AK48),"") -> 0.083232811 | AX48: =IF(AND(AQ48<>"",1-(AQ48/O48)>0),1-(AQ48/O48),"") -> 0.81176471 | AY48: =IF(AND(AF48<>"",1-(AF48/O48)>0),1-(AF48/O48),"") -> 0.88235294 | AZ48: =IF(Q48="","",IF(Q48<2.5,"Alc. Bruta < 2,5 mg/L",IF(Q48<5,"2,5 ≤ Alc. Bruta < 5,0 mg/L",IF(Q48<7.5,"5,0 ≤ Alc. Bruta < 7,5 mg/L",IF(Q48<10,"7,5 ≤ Alc. Bruta < 10,0 mg/L",IF(Q48<15,"10,0 ≤ Alca. Bruta < 15,0 mg/L","Alc. Bruta > 15 mg/L")))))) -> 7,5 ≤ Alc. Bruta < 10,0 mg/L | BA48: =IF(P48="","",IF(P48<5,"Cor <5 uC",IF(P48<10,"5 ≤ Cor < 10 uC",IF(P48<15,"10 ≤ Cor <15 uC",IF(P48<30,"15 ≤ Cor < 30 uC",IF(P48<50,"30 ≤ Cor < 50 uC","Cor > 50 uC")))))) -> 5 ≤ Cor < 10 uC | BB48: =IF(O48="","",IF(O48<2.5,"Turbidez < 2,5 uT",IF(O48<5,"2,5 ≤ Turb < 5,0 uT",IF(O48<7.5,"5,0 ≤ Turb < 7,5 uT",IF(O48<10,"7,5 ≤ Turb < 10,0 uT",IF(O48<15,"10,0 ≤ Turb < 15,0 uT","Turb > 15 uT")))))) -> Turbidez < 2,5 uT | BC48: =IF(AND(C48>D48,D48>E48),"TOR > SM > BNN",IF(AND(C48>E48,E48>D48),"TOR > BNN > SM",IF(AND(D48>C48,C48>E48),"SM > TOR > BNN",IF(AND(D48>E48,E48>C48),"SM > BNN > TOR",IF(AND(C48=D48,D48=E48),"TOR = SM = BNN","Comb. diferentes"))))) -> SM > BNN > TOR | BD48: =IF(OR(AE48="",AQ48="-"),"",IF(AE48<=0.25,"Tipo 1 (≤0,25) uT",IF(AE48<=0.5,"Tipo 2 (0,25-0,50) uT",IF(AE48<=0.75,"Tipo 3 (0,50-0,75) uT","Tipo 4 (>0,75) uT")))) -> Tipo 1 (≤0,25) uT | BE48: =IF(OR(AP48="",AZ48="-"),"",IF(AP48<=0.25,"Tipo 1 (≤0,25) uT",IF(AP48<=0.5,"Tipo 2 (0,25-0,50) uT",IF(AP48<=0.75,"Tipo 3 (0,50-0,75) uT","Tipo 4 (>0,75) uT")))) -> Tipo 1 (≤0,25) uT | BF48: =IF(OR(AF48="",AQ48="-"),"",IF(AF48<=0.25,"Tipo 1 (≤0,25) uT",IF(AF48<=0.5,"Tipo 2 (0,25-0,50) uT",IF(AF48<=0.75,"Tipo 3 (0,50-0,75) uT","Tipo 4 (>0,75) uT")))) -> Tipo 1 (≤0,25) uT | BG48: =IF(OR(AQ48="",AQ48="-"),"",IF(AQ48<=0.25,"Tipo 1 (≤0,25) uT",IF(AQ48<=0.5,"Tipo 2 (0,25-0,50) uT",IF(AQ48<=0.75,"Tipo 3 (0,50-0,75) uT","Tipo 4 (>0,75) uT")))) -> Tipo 1 (≤0,25) uT | BH48: =IF(OR(R48="",R48="-"),"",IF(R48<=0.25,"Tipo 1 (≤0,25) uT",IF(R48<=0.5,"Tipo 2 (0,25-0,50) uT",IF(R48<=0.75,"Tipo 3 (0,50-0,75) uT","Tipo 4 (>0,75) uT")))) -> Tipo 1 (≤0,25) uT
A49: 46264 | B49: 0.22916667 | C49: 372 | D49: 1106 | E49: 494 | F49: 1961 | G49: N | H49: 10.8 | I49: -84 | J49: 90 | K49: 90 | L49: 90 | M49: 25.3 | N49: 6.6 | O49: 0.87 | P49: 5 | Q49: 10.7 | R49: 0.06 | S49: 22.36 | T49: 0.88 | U49: 0.7 | V49: =(O49+0.3*H49+2)*(F49/2/Z49) -> 1497.7138 | W49: =S49*(U49*AA49*0.987-T49)*AB49 -> 1372.5563 | X49: =W49/V49 -> 0.91643433 | Y49: 2 | Z49: 4 | AA49: 6.5 | AB49: 17 | AC49: 6.3 | AD49: 7.7 | AE49: 0.2 | AF49: 0.1 | AG49: =(O49+0.3*H49+2)*(F49/2/AK49) -> 1996.9517 | AH49: =S49*(U49*AL49*0.987-T49)*AM49 -> 1750.3931 | AI49: =AH49/AG49 -> 0.87653254 | AJ49: 2 | AK49: 3 | AL49: 6.2 | AM49: 23 | AN49: 6.4 | AO49: 8.1 | AP49: 0.11 | AQ49: 0.19 | AR49: =SUM(C49:E49) -> 1972 | AS49: =C49/AR49 -> 0.18864097 | AT49: =D49/AR49 -> 0.56085193 | AU49: =E49/AR49 -> 0.2505071 | AV49: =IF(AND(F49<>"",Z49<>""),AB49/(F49/2/Z49),"") -> 0.069352371 | AW49: =IF(AND(F49<>"",AK49<>""),AM49/(F49/2/AK49),"") -> 0.070372259 | AX49: =IF(AND(AQ49<>"",1-(AQ49/O49)>0),1-(AQ49/O49),"") -> 0.7816092 | AY49: =IF(AND(AF49<>"",1-(AF49/O49)>0),1-(AF49/O49),"") -> 0.88505747 | AZ49: =IF(Q49="","",IF(Q49<2.5,"Alc. Bruta < 2,5 mg/L",IF(Q49<5,"2,5 ≤ Alc. Bruta < 5,0 mg/L",IF(Q49<7.5,"5,0 ≤ Alc. Bruta < 7,5 mg/L",IF(Q49<10,"7,5 ≤ Alc. Bruta < 10,0 mg/L",IF(Q49<15,"10,0 ≤ Alca. Bruta < 15,0 mg/L","Alc. Bruta > 15 mg/L")))))) -> 10,0 ≤ Alca. Bruta < 15,0 mg/L | BA49: =IF(P49="","",IF(P49<5,"Cor <5 uC",IF(P49<10,"5 ≤ Cor < 10 uC",IF(P49<15,"10 ≤ Cor <15 uC",IF(P49<30,"15 ≤ Cor < 30 uC",IF(P49<50,"30 ≤ Cor < 50 uC","Cor > 50 uC")))))) -> 5 ≤ Cor < 10 uC | BB49: =IF(O49="","",IF(O49<2.5,"Turbidez < 2,5 uT",IF(O49<5,"2,5 ≤ Turb < 5,0 uT",IF(O49<7.5,"5,0 ≤ Turb < 7,5 uT",IF(O49<10,"7,5 ≤ Turb < 10,0 uT",IF(O49<15,"10,0 ≤ Turb < 15,0 uT","Turb > 15 uT")))))) -> Turbidez < 2,5 uT | BC49: =IF(AND(C49>D49,D49>E49),"TOR > SM > BNN",IF(AND(C49>E49,E49>D49),"TOR > BNN > SM",IF(AND(D49>C49,C49>E49),"SM > TOR > BNN",IF(AND(D49>E49,E49>C49),"SM > BNN > TOR",IF(AND(C49=D49,D49=E49),"TOR = SM = BNN","Comb. diferentes"))))) -> SM > BNN > TOR | BD49: =IF(OR(AE49="",AQ49="-"),"",IF(AE49<=0.25,"Tipo 1 (≤0,25) uT",IF(AE49<=0.5,"Tipo 2 (0,25-0,50) uT",IF(AE49<=0.75,"Tipo 3 (0,50-0,75) uT","Tipo 4 (>0,75) uT")))) -> Tipo 1 (≤0,25) uT | BE49: =IF(OR(AP49="",AZ49="-"),"",IF(AP49<=0.25,"Tipo 1 (≤0,25) uT",IF(AP49<=0.5,"Tipo 2 (0,25-0,50) uT",IF(AP49<=0.75,"Tipo 3 (0,50-0,75) uT","Tipo 4 (>0,75) uT")))) -> Tipo 1 (≤0,25) uT | BF49: =IF(OR(AF49="",AQ49="-"),"",IF(AF49<=0.25,"Tipo 1 (≤0,25) uT",IF(AF49<=0.5,"Tipo 2 (0,25-0,50) uT",IF(AF49<=0.75,"Tipo 3 (0,50-0,75) uT","Tipo 4 (>0,75) uT")))) -> Tipo 1 (≤0,25) uT | BG49: =IF(OR(AQ49="",AQ49="-"),"",IF(AQ49<=0.25,"Tipo 1 (≤0,25) uT",IF(AQ49<=0.5,"Tipo 2 (0,25-0,50) uT",IF(AQ49<=0.75,"Tipo 3 (0,50-0,75) uT","Tipo 4 (>0,75) uT")))) -> Tipo 1 (≤0,25) uT | BH49: =IF(OR(R49="",R49="-"),"",IF(R49<=0.25,"Tipo 1 (≤0,25) uT",IF(R49<=0.5,"Tipo 2 (0,25-0,50) uT",IF(R49<=0.75,"Tipo 3 (0,50-0,75) uT","Tipo 4 (>0,75) uT")))) -> Tipo 1 (≤0,25) uT
A50: 46264 | B50: 0.3125 | C50: 274 | D50: 1103 | E50: 430 | F50: 1806 | G50: N | H50: 10.8 | I50: -82.01 | J50: 90 | K50: 90 | L50: 90 | M50: 24.7 | N50: 6.6 | O50: 0.78 | P50: 5 | Q50: 8.5 | R50: 0.06 | S50: 22.36 | T50: 0.88 | U50: 0.7 | V50: =(O50+0.3*H50+2)*(F50/2/Z50) -> 1359.015 | W50: =S50*(U50*AA50*0.987-T50)*AB50 -> 1372.5563 | X50: =W50/V50 -> 1.0099641 | Y50: 2 | Z50: 4 | AA50: 6.5 | AB50: 17 | AC50: 6.3 | AD50: 5.9 | AE50: 0.09 | AF50: 0.1 | AG50: =(O50+0.3*H50+2)*(F50/2/AK50) -> 1812.02 | AH50: =S50*(U50*AL50*0.987-T50)*AM50 -> 1750.3931 | AI50: =AH50/AG50 -> 0.96598996 | AJ50: 2 | AK50: 3 | AL50: 6.2 | AM50: 23 | AN50: 6.3 | AO50: 5.8 | AP50: 0.12 | AQ50: 0.16 | AR50: =SUM(C50:E50) -> 1807 | AS50: =C50/AR50 -> 0.15163254 | AT50: =D50/AR50 -> 0.61040398 | AU50: =E50/AR50 -> 0.23796348 | AV50: =IF(AND(F50<>"",Z50<>""),AB50/(F50/2/Z50),"") -> 0.07530454 | AW50: =IF(AND(F50<>"",AK50<>""),AM50/(F50/2/AK50),"") -> 0.07641196 | AX50: =IF(AND(AQ50<>"",1-(AQ50/O50)>0),1-(AQ50/O50),"") -> 0.79487179 | AY50: =IF(AND(AF50<>"",1-(AF50/O50)>0),1-(AF50/O50),"") -> 0.87179487 | AZ50: =IF(Q50="","",IF(Q50<2.5,"Alc. Bruta < 2,5 mg/L",IF(Q50<5,"2,5 ≤ Alc. Bruta < 5,0 mg/L",IF(Q50<7.5,"5,0 ≤ Alc. Bruta < 7,5 mg/L",IF(Q50<10,"7,5 ≤ Alc. Bruta < 10,0 mg/L",IF(Q50<15,"10,0 ≤ Alca. Bruta < 15,0 mg/L","Alc. Bruta > 15 mg/L")))))) -> 7,5 ≤ Alc. Bruta < 10,0 mg/L | BA50: =IF(P50="","",IF(P50<5,"Cor <5 uC",IF(P50<10,"5 ≤ Cor < 10 uC",IF(P50<15,"10 ≤ Cor <15 uC",IF(P50<30,"15 ≤ Cor < 30 uC",IF(P50<50,"30 ≤ Cor < 50 uC","Cor > 50 uC")))))) -> 5 ≤ Cor < 10 uC | BB50: =IF(O50="","",IF(O50<2.5,"Turbidez < 2,5 uT",IF(O50<5,"2,5 ≤ Turb < 5,0 uT",IF(O50<7.5,"5,0 ≤ Turb < 7,5 uT",IF(O50<10,"7,5 ≤ Turb < 10,0 uT",IF(O50<15,"10,0 ≤ Turb < 15,0 uT","Turb > 15 uT")))))) -> Turbidez < 2,5 uT | BC50: =IF(AND(C50>D50,D50>E50),"TOR > SM > BNN",IF(AND(C50>E50,E50>D50),"TOR > BNN > SM",IF(AND(D50>C50,C50>E50),"SM > TOR > BNN",IF(AND(D50>E50,E50>C50),"SM > BNN > TOR",IF(AND(C50=D50,D50=E50),"TOR = SM = BNN","Comb. diferentes"))))) -> SM > BNN > TOR | BD50: =IF(OR(AE50="",AQ50="-"),"",IF(AE50<=0.25,"Tipo 1 (≤0,25) uT",IF(AE50<=0.5,"Tipo 2 (0,25-0,50) uT",IF(AE50<=0.75,"Tipo 3 (0,50-0,75) uT","Tipo 4 (>0,75) uT")))) -> Tipo 1 (≤0,25) uT | BE50: =IF(OR(AP50="",AZ50="-"),"",IF(AP50<=0.25,"Tipo 1 (≤0,25) uT",IF(AP50<=0.5,"Tipo 2 (0,25-0,50) uT",IF(AP50<=0.75,"Tipo 3 (0,50-0,75) uT","Tipo 4 (>0,75) uT")))) -> Tipo 1 (≤0,25) uT | BF50: =IF(OR(AF50="",AQ50="-"),"",IF(AF50<=0.25,"Tipo 1 (≤0,25) uT",IF(AF50<=0.5,"Tipo 2 (0,25-0,50) uT",IF(AF50<=0.75,"Tipo 3 (0,50-0,75) uT","Tipo 4 (>0,75) uT")))) -> Tipo 1 (≤0,25) uT | BG50: =IF(OR(AQ50="",AQ50="-"),"",IF(AQ50<=0.25,"Tipo 1 (≤0,25) uT",IF(AQ50<=0.5,"Tipo 2 (0,25-0,50) uT",IF(AQ50<=0.75,"Tipo 3 (0,50-0,75) uT","Tipo 4 (>0,75) uT")))) -> Tipo 1 (≤0,25) uT | BH50: =IF(OR(R50="",R50="-"),"",IF(R50<=0.25,"Tipo 1 (≤0,25) uT",IF(R50<=0.5,"Tipo 2 (0,25-0,50) uT",IF(R50<=0.75,"Tipo 3 (0,50-0,75) uT","Tipo 4 (>0,75) uT")))) -> Tipo 1 (≤0,25) uT
... A212: 46281 | B212: 0.8125 | C212: 384 | D212: 1661 | E212: 225 | F212: 2223 | G212: N | H212: 9.5 | I212: -8.8 | J212: 90 | K212: 90 | L212: 90 | M212: 24.9 | N212: 6.5 | O212: 1.27 | P212: 9 | Q212: 7.8 | R212: 0.09 | S212: 22.36 | T212: 0.88 | U212: 0.7 | V212: =(O212+0.3*H212+2)*(F212/2/Z212) -> 1700.595 | W212: =S212*(U212*AA212*0.987-T212)*AB212 -> 2221.8641 | X212: =W212/V212 -> 1.3065216 | Y212: 3 | Z212: 4 | AA212: 6.1 | AB212: 29.8 | AC212: 6.1 | AD212: 6.2 | AE212: 0.13 | AF212: 0.12 | AG212: =(O212+0.3*H212+2)*(F212/2/AK212) -> 1700.595 | AH212: =S212*(U212*AL212*0.987-T212)*AM212 -> 1762.6301 | AI212: =AH212/AG212 -> 1.0364784 | AJ212: 3 | AK212: 4 | AL212: 6.3 | AM212: 22.7 | AN212: 6.1 | AO212: 5.4 | AP212: 0.12 | AQ212: 0.19 | AR212: =SUM(C212:E212) -> 2270 | AS212: =C212/AR212 -> 0.169163 | AT212: =D212/AR212 -> 0.73171806 | AU212: =E212/AR212 -> 0.099118943 | AV212: =IF(AND(F212<>"",Z212<>""),AB212/(F212/2/Z212),"") -> 0.10724247 | AW212: =IF(AND(F212<>"",AK212<>""),AM212/(F212/2/AK212),"") -> 0.081691408 | AX212: =IF(AND(AQ212<>"",1-(AQ212/O212)>0),1-(AQ212/O212),"") -> 0.8503937 | AY212: =IF(AND(AF212<>"",1-(AF212/O212)>0),1-(AF212/O212),"") -> 0.90551181 | AZ212: =IF(Q212="","",IF(Q212<2.5,"Alc. Bruta < 2,5 mg/L",IF(Q212<5,"2,5 ≤ Alc. Bruta < 5,0 mg/L",IF(Q212<7.5,"5,0 ≤ Alc. Bruta < 7,5 mg/L",IF(Q212<10,"7,5 ≤ Alc. Bruta < 10,0 mg/L",IF(Q212<15,"10,0 ≤ Alca. Bruta < 15,0 mg/L","Alc. Bruta > 15 mg/L")))))) -> 7,5 ≤ Alc. Bruta < 10,0 mg/L | BA212: =IF(P212="","",IF(P212<5,"Cor <5 uC",IF(P212<10,"5 ≤ Cor < 10 uC",IF(P212<15,"10 ≤ Cor <15 uC",IF(P212<30,"15 ≤ Cor < 30 uC",IF(P212<50,"30 ≤ Cor < 50 uC","Cor > 50 uC")))))) -> 5 ≤ Cor < 10 uC | BB212: =IF(O212="","",IF(O212<2.5,"Turbidez < 2,5 uT",IF(O212<5,"2,5 ≤ Turb < 5,0 uT",IF(O212<7.5,"5,0 ≤ Turb < 7,5 uT",IF(O212<10,"7,5 ≤ Turb < 10,0 uT",IF(O212<15,"10,0 ≤ Turb < 15,0 uT","Turb > 15 uT")))))) -> Turbidez < 2,5 uT | BC212: =IF(AND(C212>D212,D212>E212),"TOR > SM > BNN",IF(AND(C212>E212,E212>D212),"TOR > BNN > SM",IF(AND(D212>C212,C212>E212),"SM > TOR > BNN",IF(AND(D212>E212,E212>C212),"SM > BNN > TOR",IF(AND(C212=D212,D212=E212),"TOR = SM = BNN","Comb. diferentes"))))) -> SM > TOR > BNN | BD212: =IF(OR(AE212="",AQ212="-"),"",IF(AE212<=0.25,"Tipo 1 (≤0,25) uT",IF(AE212<=0.5,"Tipo 2 (0,25-0,50) uT",IF(AE212<=0.75,"Tipo 3 (0,50-0,75) uT","Tipo 4 (>0,75) uT")))) -> Tipo 1 (≤0,25) uT | BE212: =IF(OR(AP212="",AZ212="-"),"",IF(AP212<=0.25,"Tipo 1 (≤0,25) uT",IF(AP212<=0.5,"Tipo 2 (0,25-0,50) uT",IF(AP212<=0.75,"Tipo 3 (0,50-0,75) uT","Tipo 4 (>0,75) uT")))) -> Tipo 1 (≤0,25) uT | BF212: =IF(OR(AF212="",AQ212="-"),"",IF(AF212<=0.25,"Tipo 1 (≤0,25) uT",IF(AF212<=0.5,"Tipo 2 (0,25-0,50) uT",IF(AF212<=0.75,"Tipo 3 (0,50-0,75) uT","Tipo 4 (>0,75) uT")))) -> Tipo 1 (≤0,25) uT | BG212: =IF(OR(AQ212="",AQ212="-"),"",IF(AQ212<=0.25,"Tipo 1 (≤0,25) uT",IF(AQ212<=0.5,"Tipo 2 (0,25-0,50) uT",IF(AQ212<=0.75,"Tipo 3 (0,50-0,75) uT","Tipo 4 (>0,75) uT")))) -> Tipo 1 (≤0,25) uT | BH212: =IF(OR(R212="",R212="-"),"",IF(R212<=0.25,"Tipo 1 (≤0,25) uT",IF(R212<=0.5,"Tipo 2 (0,25-0,50) uT",IF(R212<=0.75,"Tipo 3 (0,50-0,75) uT","Tipo 4 (>0,75) uT")))) -> Tipo 1 (≤0,25) uT
A213: 46281 | B213: 0.89583333 | C213: 399 | D213: 1566 | E213: 224 | F213: 2224 | G213: N | H213: 9.5 | I213: -17.5 | J213: 90 | K213: 90 | L213: 90 | M213: 24.5 | N213: 6.5 | O213: 1.27 | P213: 12 | Q213: 8 | R213: 0.09 | S213: 22.36 | T213: 0.88 | U213: 0.7 | V213: =(O213+0.3*H213+2)*(F213/2/Z213) -> 1701.36 | W213: =S213*(U213*AA213*0.987-T213)*AB213 -> 1314.2582 | X213: =W213/V213 -> 0.77247507 | Y213: 3 | Z213: 4 | AA213: 6 | AB213: 18 | AC213: 6.1 | AD213: 5.1 | AE213: 0.14 | AF213: 0.11 | AG213: =(O213+0.3*H213+2)*(F213/2/AK213) -> 1701.36 | AH213: =S213*(U213*AL213*0.987-T213)*AM213 -> 1770.3949 | AI213: =AH213/AG213 -> 1.0405763 | AJ213: 3 | AK213: 4 | AL213: 6.3 | AM213: 22.8 | AN213: 6.1 | AP213: 0.14 | AQ213: 0.19 | AR213: =SUM(C213:E213) -> 2189 | AS213: =C213/AR213 -> 0.18227501 | AT213: =D213/AR213 -> 0.71539516 | AU213: =E213/AR213 -> 0.10232983 | AV213: =IF(AND(F213<>"",Z213<>""),AB213/(F213/2/Z213),"") -> 0.064748201 | AW213: =IF(AND(F213<>"",AK213<>""),AM213/(F213/2/AK213),"") -> 0.082014388 | AX213: =IF(AND(AQ213<>"",1-(AQ213/O213)>0),1-(AQ213/O213),"") -> 0.8503937 | AY213: =IF(AND(AF213<>"",1-(AF213/O213)>0),1-(AF213/O213),"") -> 0.91338583 | AZ213: =IF(Q213="","",IF(Q213<2.5,"Alc. Bruta < 2,5 mg/L",IF(Q213<5,"2,5 ≤ Alc. Bruta < 5,0 mg/L",IF(Q213<7.5,"5,0 ≤ Alc. Bruta < 7,5 mg/L",IF(Q213<10,"7,5 ≤ Alc. Bruta < 10,0 mg/L",IF(Q213<15,"10,0 ≤ Alca. Bruta < 15,0 mg/L","Alc. Bruta > 15 mg/L")))))) -> 7,5 ≤ Alc. Bruta < 10,0 mg/L | BA213: =IF(P213="","",IF(P213<5,"Cor <5 uC",IF(P213<10,"5 ≤ Cor < 10 uC",IF(P213<15,"10 ≤ Cor <15 uC",IF(P213<30,"15 ≤ Cor < 30 uC",IF(P213<50,"30 ≤ Cor < 50 uC","Cor > 50 uC")))))) -> 10 ≤ Cor <15 uC | BB213: =IF(O213="","",IF(O213<2.5,"Turbidez < 2,5 uT",IF(O213<5,"2,5 ≤ Turb < 5,0 uT",IF(O213<7.5,"5,0 ≤ Turb < 7,5 uT",IF(O213<10,"7,5 ≤ Turb < 10,0 uT",IF(O213<15,"10,0 ≤ Turb < 15,0 uT","Turb > 15 uT")))))) -> Turbidez < 2,5 uT | BC213: =IF(AND(C213>D213,D213>E213),"TOR > SM > BNN",IF(AND(C213>E213,E213>D213),"TOR > BNN > SM",IF(AND(D213>C213,C213>E213),"SM > TOR > BNN",IF(AND(D213>E213,E213>C213),"SM > BNN > TOR",IF(AND(C213=D213,D213=E213),"TOR = SM = BNN","Comb. diferentes"))))) -> SM > TOR > BNN | BD213: =IF(OR(AE213="",AQ213="-"),"",IF(AE213<=0.25,"Tipo 1 (≤0,25) uT",IF(AE213<=0.5,"Tipo 2 (0,25-0,50) uT",IF(AE213<=0.75,"Tipo 3 (0,50-0,75) uT","Tipo 4 (>0,75) uT")))) -> Tipo 1 (≤0,25) uT | BE213: =IF(OR(AP213="",AZ213="-"),"",IF(AP213<=0.25,"Tipo 1 (≤0,25) uT",IF(AP213<=0.5,"Tipo 2 (0,25-0,50) uT",IF(AP213<=0.75,"Tipo 3 (0,50-0,75) uT","Tipo 4 (>0,75) uT")))) -> Tipo 1 (≤0,25) uT | BF213: =IF(OR(AF213="",AQ213="-"),"",IF(AF213<=0.25,"Tipo 1 (≤0,25) uT",IF(AF213<=0.5,"Tipo 2 (0,25-0,50) uT",IF(AF213<=0.75,"Tipo 3 (0,50-0,75) uT","Tipo 4 (>0,75) uT")))) -> Tipo 1 (≤0,25) uT | BG213: =IF(OR(AQ213="",AQ213="-"),"",IF(AQ213<=0.25,"Tipo 1 (≤0,25) uT",IF(AQ213<=0.5,"Tipo 2 (0,25-0,50) uT",IF(AQ213<=0.75,"Tipo 3 (0,50-0,75) uT","Tipo 4 (>0,75) uT")))) -> Tipo 1 (≤0,25) uT | BH213: =IF(OR(R213="",R213="-"),"",IF(R213<=0.25,"Tipo 1 (≤0,25) uT",IF(R213<=0.5,"Tipo 2 (0,25-0,50) uT",IF(R213<=0.75,"Tipo 3 (0,50-0,75) uT","Tipo 4 (>0,75) uT")))) -> Tipo 1 (≤0,25) uT
A214: 46282 | B214: 0.0625 | C214: 380 | D214: 1642 | E214: 224 | F214: 2243 | G214: N | H214: 9.5 | I214: -20 | J214: 90 | K214: 90 | L214: 90 | M214: 24.1 | N214: 6.4 | O214: 1.52 | P214: 14 | Q214: 8 | R214: 0.1 | S214: 22.36 | T214: 0.88 | U214: 0.7 | V214: =(O214+0.3*H214+2)*(F214/2/Z214) -> 1785.9887 | W214: =S214*(U214*AA214*0.987-T214)*AB214 -> 1314.2582 | X214: =W214/V214 -> 0.73587148 | Y214: 3 | Z214: 4 | AA214: 6 | AB214: 18 | AC214: 6.2 | AD214: 5.1 | AE214: 0.16 | AF214: 0.11 | AG214: =(O214+0.3*H214+2)*(F214/2/AK214) -> 1785.9887 | AH214: =S214*(U214*AL214*0.987-T214)*AM214 -> 1708.2758 | AI214: =AH214/AG214 -> 0.95648745 | AJ214: 3 | AK214: 4 | AL214: 6.3 | AM214: 22 | AN214: 6.1 | AP214: 0.11 | AQ214: 0.2 | AR214: =SUM(C214:E214) -> 2246 | AS214: =C214/AR214 -> 0.16918967 | AT214: =D214/AR214 -> 0.73107747 | AU214: =E214/AR214 -> 0.099732858 | AV214: =IF(AND(F214<>"",Z214<>""),AB214/(F214/2/Z214),"") -> 0.064199733 | AW214: =IF(AND(F214<>"",AK214<>""),AM214/(F214/2/AK214),"") -> 0.07846634 | AX214: =IF(AND(AQ214<>"",1-(AQ214/O214)>0),1-(AQ214/O214),"") -> 0.86842105 | AY214: =IF(AND(AF214<>"",1-(AF214/O214)>0),1-(AF214/O214),"") -> 0.92763158 | AZ214: =IF(Q214="","",IF(Q214<2.5,"Alc. Bruta < 2,5 mg/L",IF(Q214<5,"2,5 ≤ Alc. Bruta < 5,0 mg/L",IF(Q214<7.5,"5,0 ≤ Alc. Bruta < 7,5 mg/L",IF(Q214<10,"7,5 ≤ Alc. Bruta < 10,0 mg/L",IF(Q214<15,"10,0 ≤ Alca. Bruta < 15,0 mg/L","Alc. Bruta > 15 mg/L")))))) -> 7,5 ≤ Alc. Bruta < 10,0 mg/L | BA214: =IF(P214="","",IF(P214<5,"Cor <5 uC",IF(P214<10,"5 ≤ Cor < 10 uC",IF(P214<15,"10 ≤ Cor <15 uC",IF(P214<30,"15 ≤ Cor < 30 uC",IF(P214<50,"30 ≤ Cor < 50 uC","Cor > 50 uC")))))) -> 10 ≤ Cor <15 uC | BB214: =IF(O214="","",IF(O214<2.5,"Turbidez < 2,5 uT",IF(O214<5,"2,5 ≤ Turb < 5,0 uT",IF(O214<7.5,"5,0 ≤ Turb < 7,5 uT",IF(O214<10,"7,5 ≤ Turb < 10,0 uT",IF(O214<15,"10,0 ≤ Turb < 15,0 uT","Turb > 15 uT")))))) -> Turbidez < 2,5 uT | BC214: =IF(AND(C214>D214,D214>E214),"TOR > SM > BNN",IF(AND(C214>E214,E214>D214),"TOR > BNN > SM",IF(AND(D214>C214,C214>E214),"SM > TOR > BNN",IF(AND(D214>E214,E214>C214),"SM > BNN > TOR",IF(AND(C214=D214,D214=E214),"TOR = SM = BNN","Comb. diferentes"))))) -> SM > TOR > BNN | BD214: =IF(OR(AE214="",AQ214="-"),"",IF(AE214<=0.25,"Tipo 1 (≤0,25) uT",IF(AE214<=0.5,"Tipo 2 (0,25-0,50) uT",IF(AE214<=0.75,"Tipo 3 (0,50-0,75) uT","Tipo 4 (>0,75) uT")))) -> Tipo 1 (≤0,25) uT | BE214: =IF(OR(AP214="",AZ214="-"),"",IF(AP214<=0.25,"Tipo 1 (≤0,25) uT",IF(AP214<=0.5,"Tipo 2 (0,25-0,50) uT",IF(AP214<=0.75,"Tipo 3 (0,50-0,75) uT","Tipo 4 (>0,75) uT")))) -> Tipo 1 (≤0,25) uT | BF214: =IF(OR(AF214="",AQ214="-"),"",IF(AF214<=0.25,"Tipo 1 (≤0,25) uT",IF(AF214<=0.5,"Tipo 2 (0,25-0,50) uT",IF(AF214<=0.75,"Tipo 3 (0,50-0,75) uT","Tipo 4 (>0,75) uT")))) -> Tipo 1 (≤0,25) uT | BG214: =IF(OR(AQ214="",AQ214="-"),"",IF(AQ214<=0.25,"Tipo 1 (≤0,25) uT",IF(AQ214<=0.5,"Tipo 2 (0,25-0,50) uT",IF(AQ214<=0.75,"Tipo 3 (0,50-0,75) uT","Tipo 4 (>0,75) uT")))) -> Tipo 1 (≤0,25) uT | BH214: =IF(OR(R214="",R214="-"),"",IF(R214<=0.25,"Tipo 1 (≤0,25) uT",IF(R214<=0.5,"Tipo 2 (0,25-0,50) uT",IF(R214<=0.75,"Tipo 3 (0,50-0,75) uT","Tipo 4 (>0,75) uT")))) -> Tipo 1 (≤0,25) uT
A215: 46282 | B215: 0.14583333 | C215: 398 | D215: 1671 | E215: 225 | F215: 2246 | G215: N | H215: 9.5 | I215: -26 | J215: 90 | K215: 90 | L215: 90 | M215: 24.6 | N215: 6.6 | O215: 1.31 | P215: 11 | Q215: 8 | R215: 0.09 | S215: 22.36 | T215: 0.88 | U215: 0.7 | V215: =(O215+0.3*H215+2)*(F215/2/Z215) -> 1729.42 | W215: =S215*(U215*AA215*0.987-T215)*AB215 -> 1460.2869 | X215: =W215/V215 -> 0.84437955 | Y215: 3 | Z215: 4 | AA215: 6 | AB215: 20 | AC215: 6.2 | AD215: 5.1 | AE215: 0.38 | AF215: 0.1 | AG215: =(O215+0.3*H215+2)*(F215/2/AK215) -> 1729.42 | AH215: =S215*(U215*AL215*0.987-T215)*AM215 -> 1552.978 | AI215: =AH215/AG215 -> 0.89797621 | AJ215: 3 | AK215: 4 | AL215: 6.3 | AM215: 20 | AN215: 6.2 | AP215: 0.19 | AQ215: 0.19 | AR215: =SUM(C215:E215) -> 2294 | AS215: =C215/AR215 -> 0.17349608 | AT215: =D215/AR215 -> 0.72842197 | AU215: =E215/AR215 -> 0.098081953 | AV215: =IF(AND(F215<>"",Z215<>""),AB215/(F215/2/Z215),"") -> 0.071237756 | AW215: =IF(AND(F215<>"",AK215<>""),AM215/(F215/2/AK215),"") -> 0.071237756 | AX215: =IF(AND(AQ215<>"",1-(AQ215/O215)>0),1-(AQ215/O215),"") -> 0.85496183 | AY215: =IF(AND(AF215<>"",1-(AF215/O215)>0),1-(AF215/O215),"") -> 0.92366412 | AZ215: =IF(Q215="","",IF(Q215<2.5,"Alc. Bruta < 2,5 mg/L",IF(Q215<5,"2,5 ≤ Alc. Bruta < 5,0 mg/L",IF(Q215<7.5,"5,0 ≤ Alc. Bruta < 7,5 mg/L",IF(Q215<10,"7,5 ≤ Alc. Bruta < 10,0 mg/L",IF(Q215<15,"10,0 ≤ Alca. Bruta < 15,0 mg/L","Alc. Bruta > 15 mg/L")))))) -> 7,5 ≤ Alc. Bruta < 10,0 mg/L | BA215: =IF(P215="","",IF(P215<5,"Cor <5 uC",IF(P215<10,"5 ≤ Cor < 10 uC",IF(P215<15,"10 ≤ Cor <15 uC",IF(P215<30,"15 ≤ Cor < 30 uC",IF(P215<50,"30 ≤ Cor < 50 uC","Cor > 50 uC")))))) -> 10 ≤ Cor <15 uC | BB215: =IF(O215="","",IF(O215<2.5,"Turbidez < 2,5 uT",IF(O215<5,"2,5 ≤ Turb < 5,0 uT",IF(O215<7.5,"5,0 ≤ Turb < 7,5 uT",IF(O215<10,"7,5 ≤ Turb < 10,0 uT",IF(O215<15,"10,0 ≤ Turb < 15,0 uT","Turb > 15 uT")))))) -> Turbidez < 2,5 uT | BC215: =IF(AND(C215>D215,D215>E215),"TOR > SM > BNN",IF(AND(C215>E215,E215>D215),"TOR > BNN > SM",IF(AND(D215>C215,C215>E215),"SM > TOR > BNN",IF(AND(D215>E215,E215>C215),"SM > BNN > TOR",IF(AND(C215=D215,D215=E215),"TOR = SM = BNN","Comb. diferentes"))))) -> SM > TOR > BNN | BD215: =IF(OR(AE215="",AQ215="-"),"",IF(AE215<=0.25,"Tipo 1 (≤0,25) uT",IF(AE215<=0.5,"Tipo 2 (0,25-0,50) uT",IF(AE215<=0.75,"Tipo 3 (0,50-0,75) uT","Tipo 4 (>0,75) uT")))) -> Tipo 2 (0,25-0,50) uT | BE215: =IF(OR(AP215="",AZ215="-"),"",IF(AP215<=0.25,"Tipo 1 (≤0,25) uT",IF(AP215<=0.5,"Tipo 2 (0,25-0,50) uT",IF(AP215<=0.75,"Tipo 3 (0,50-0,75) uT","Tipo 4 (>0,75) uT")))) -> Tipo 1 (≤0,25) uT | BF215: =IF(OR(AF215="",AQ215="-"),"",IF(AF215<=0.25,"Tipo 1 (≤0,25) uT",IF(AF215<=0.5,"Tipo 2 (0,25-0,50) uT",IF(AF215<=0.75,"Tipo 3 (0,50-0,75) uT","Tipo 4 (>0,75) uT")))) -> Tipo 1 (≤0,25) uT | BG215: =IF(OR(AQ215="",AQ215="-"),"",IF(AQ215<=0.25,"Tipo 1 (≤0,25) uT",IF(AQ215<=0.5,"Tipo 2 (0,25-0,50) uT",IF(AQ215<=0.75,"Tipo 3 (0,50-0,75) uT","Tipo 4 (>0,75) uT")))) -> Tipo 1 (≤0,25) uT | BH215: =IF(OR(R215="",R215="-"),"",IF(R215<=0.25,"Tipo 1 (≤0,25) uT",IF(R215<=0.5,"Tipo 2 (0,25-0,50) uT",IF(R215<=0.75,"Tipo 3 (0,50-0,75) uT","Tipo 4 (>0,75) uT")))) -> Tipo 1 (≤0,25) uT
A216: 46282 | B216: 0.22916667 | C216: 394 | D216: 1604 | E216: 225 | F216: 2244 | G216: N | H216: 9.5 | I216: -29 | J216: 30 | K216: 90 | L216: 90 | M216: 23.1 | N216: 6.6 | O216: 1.47 | P216: 13 | Q216: 8 | R216: 0.3 | S216: 22.36 | T216: 0.88 | U216: 0.7 | V216: =(O216+0.3*H216+2)*(F216/2/Z216) -> 1772.76 | W216: =S216*(U216*AA216*0.987-T216)*AB216 -> 1460.2869 | X216: =W216/V216 -> 0.82373637 | Y216: 3 | Z216: 4 | AA216: 6 | AB216: 20 | AC216: 6.1 | AD216: 5.1 | AE216: 0.17 | AF216: 0.11 | AG216: =(O216+0.3*H216+2)*(F216/2/AK216) -> 1772.76 | AH216: =S216*(U216*AL216*0.987-T216)*AM216 -> 1677.2163 | AI216: =AH216/AG216 -> 0.94610453 | AJ216: 3 | AK216: 4 | AL216: 6.3 | AM216: 21.6 | AN216: 6.2 | AP216: 0.21 | AQ216: 0.2 | AR216: =SUM(C216:E216) -> 2223 | AS216: =C216/AR216 -> 0.17723797 | AT216: =D216/AR216 -> 0.72154746 | AU216: =E216/AR216 -> 0.10121457 | AV216: =IF(AND(F216<>"",Z216<>""),AB216/(F216/2/Z216),"") -> 0.071301248 | AW216: =IF(AND(F216<>"",AK216<>""),AM216/(F216/2/AK216),"") -> 0.077005348 | AX216: =IF(AND(AQ216<>"",1-(AQ216/O216)>0),1-(AQ216/O216),"") -> 0.86394558 | AY216: =IF(AND(AF216<>"",1-(AF216/O216)>0),1-(AF216/O216),"") -> 0.92517007 | AZ216: =IF(Q216="","",IF(Q216<2.5,"Alc. Bruta < 2,5 mg/L",IF(Q216<5,"2,5 ≤ Alc. Bruta < 5,0 mg/L",IF(Q216<7.5,"5,0 ≤ Alc. Bruta < 7,5 mg/L",IF(Q216<10,"7,5 ≤ Alc. Bruta < 10,0 mg/L",IF(Q216<15,"10,0 ≤ Alca. Bruta < 15,0 mg/L","Alc. Bruta > 15 mg/L")))))) -> 7,5 ≤ Alc. Bruta < 10,0 mg/L | BA216: =IF(P216="","",IF(P216<5,"Cor <5 uC",IF(P216<10,"5 ≤ Cor < 10 uC",IF(P216<15,"10 ≤ Cor <15 uC",IF(P216<30,"15 ≤ Cor < 30 uC",IF(P216<50,"30 ≤ Cor < 50 uC","Cor > 50 uC")))))) -> 10 ≤ Cor <15 uC | BB216: =IF(O216="","",IF(O216<2.5,"Turbidez < 2,5 uT",IF(O216<5,"2,5 ≤ Turb < 5,0 uT",IF(O216<7.5,"5,0 ≤ Turb < 7,5 uT",IF(O216<10,"7,5 ≤ Turb < 10,0 uT",IF(O216<15,"10,0 ≤ Turb < 15,0 uT","Turb > 15 uT")))))) -> Turbidez < 2,5 uT | BC216: =IF(AND(C216>D216,D216>E216),"TOR > SM > BNN",IF(AND(C216>E216,E216>D216),"TOR > BNN > SM",IF(AND(D216>C216,C216>E216),"SM > TOR > BNN",IF(AND(D216>E216,E216>C216),"SM > BNN > TOR",IF(AND(C216=D216,D216=E216),"TOR = SM = BNN","Comb. diferentes"))))) -> SM > TOR > BNN | BD216: =IF(OR(AE216="",AQ216="-"),"",IF(AE216<=0.25,"Tipo 1 (≤0,25) uT",IF(AE216<=0.5,"Tipo 2 (0,25-0,50) uT",IF(AE216<=0.75,"Tipo 3 (0,50-0,75) uT","Tipo 4 (>0,75) uT")))) -> Tipo 1 (≤0,25) uT | BE216: =IF(OR(AP216="",AZ216="-"),"",IF(AP216<=0.25,"Tipo 1 (≤0,25) uT",IF(AP216<=0.5,"Tipo 2 (0,25-0,50) uT",IF(AP216<=0.75,"Tipo 3 (0,50-0,75) uT","Tipo 4 (>0,75) uT")))) -> Tipo 1 (≤0,25) uT | BF216: =IF(OR(AF216="",AQ216="-"),"",IF(AF216<=0.25,"Tipo 1 (≤0,25) uT",IF(AF216<=0.5,"Tipo 2 (0,25-0,50) uT",IF(AF216<=0.75,"Tipo 3 (0,50-0,75) uT","Tipo 4 (>0,75) uT")))) -> Tipo 1 (≤0,25) uT | BG216: =IF(OR(AQ216="",AQ216="-"),"",IF(AQ216<=0.25,"Tipo 1 (≤0,25) uT",IF(AQ216<=0.5,"Tipo 2 (0,25-0,50) uT",IF(AQ216<=0.75,"Tipo 3 (0,50-0,75) uT","Tipo 4 (>0,75) uT")))) -> Tipo 1 (≤0,25) uT | BH216: =IF(OR(R216="",R216="-"),"",IF(R216<=0.25,"Tipo 1 (≤0,25) uT",IF(R216<=0.5,"Tipo 2 (0,25-0,50) uT",IF(R216<=0.75,"Tipo 3 (0,50-0,75) uT","Tipo 4 (>0,75) uT")))) -> Tipo 2 (0,25-0,50) uT
A217: 46282 | B217: 0.3125 | C217: 390 | D217: 1647 | E217: 220 | F217: 2240 | G217: N | H217: 9.5 | I217: -30 | J217: 90 | K217: 90 | L217: 90 | M217: 23.4 | N217: 6.5 | O217: 1.4 | P217: 12 | Q217: 8 | R217: 0.12 | S217: 22.36 | T217: 0.88 | U217: 0.7 | V217: =(O217+0.3*H217+2)*(F217/2/Z217) -> 1750 | W217: =S217*(U217*AA217*0.987-T217)*AB217 -> 1460.2869 | X217: =W217/V217 -> 0.83444965 | Y217: 3 | Z217: 4 | AA217: 6 | AB217: 20 | AC217: 6.1 | AD217: 5.1 | AE217: 0.19 | AF217: 0.11 | AG217: =(O217+0.3*H217+2)*(F217/2/AK217) -> 1750 | AH217: =S217*(U217*AL217*0.987-T217)*AM217 -> 1552.978 | AI217: =AH217/AG217 -> 0.88741601 | AJ217: 3 | AK217: 4 | AL217: 6.3 | AM217: 20 | AN217: 6.2 | AP217: 0.2 | AQ217: 0.2 | AR217: =SUM(C217:E217) -> 2257 | AS217: =C217/AR217 -> 0.17279575 | AT217: =D217/AR217 -> 0.72972973 | AU217: =E217/AR217 -> 0.097474524 | AV217: =IF(AND(F217<>"",Z217<>""),AB217/(F217/2/Z217),"") -> 0.071428571 | AW217: =IF(AND(F217<>"",AK217<>""),AM217/(F217/2/AK217),"") -> 0.071428571 | AX217: =IF(AND(AQ217<>"",1-(AQ217/O217)>0),1-(AQ217/O217),"") -> 0.85714286 | AY217: =IF(AND(AF217<>"",1-(AF217/O217)>0),1-(AF217/O217),"") -> 0.92142857 | AZ217: =IF(Q217="","",IF(Q217<2.5,"Alc. Bruta < 2,5 mg/L",IF(Q217<5,"2,5 ≤ Alc. Bruta < 5,0 mg/L",IF(Q217<7.5,"5,0 ≤ Alc. Bruta < 7,5 mg/L",IF(Q217<10,"7,5 ≤ Alc. Bruta < 10,0 mg/L",IF(Q217<15,"10,0 ≤ Alca. Bruta < 15,0 mg/L","Alc. Bruta > 15 mg/L")))))) -> 7,5 ≤ Alc. Bruta < 10,0 mg/L | BA217: =IF(P217="","",IF(P217<5,"Cor <5 uC",IF(P217<10,"5 ≤ Cor < 10 uC",IF(P217<15,"10 ≤ Cor <15 uC",IF(P217<30,"15 ≤ Cor < 30 uC",IF(P217<50,"30 ≤ Cor < 50 uC","Cor > 50 uC")))))) -> 10 ≤ Cor <15 uC | BB217: =IF(O217="","",IF(O217<2.5,"Turbidez < 2,5 uT",IF(O217<5,"2,5 ≤ Turb < 5,0 uT",IF(O217<7.5,"5,0 ≤ Turb < 7,5 uT",IF(O217<10,"7,5 ≤ Turb < 10,0 uT",IF(O217<15,"10,0 ≤ Turb < 15,0 uT","Turb > 15 uT")))))) -> Turbidez < 2,5 uT | BC217: =IF(AND(C217>D217,D217>E217),"TOR > SM > BNN",IF(AND(C217>E217,E217>D217),"TOR > BNN > SM",IF(AND(D217>C217,C217>E217),"SM > TOR > BNN",IF(AND(D217>E217,E217>C217),"SM > BNN > TOR",IF(AND(C217=D217,D217=E217),"TOR = SM = BNN","Comb. diferentes"))))) -> SM > TOR > BNN | BD217: =IF(OR(AE217="",AQ217="-"),"",IF(AE217<=0.25,"Tipo 1 (≤0,25) uT",IF(AE217<=0.5,"Tipo 2 (0,25-0,50) uT",IF(AE217<=0.75,"Tipo 3 (0,50-0,75) uT","Tipo 4 (>0,75) uT")))) -> Tipo 1 (≤0,25) uT | BE217: =IF(OR(AP217="",AZ217="-"),"",IF(AP217<=0.25,"Tipo 1 (≤0,25) uT",IF(AP217<=0.5,"Tipo 2 (0,25-0,50) uT",IF(AP217<=0.75,"Tipo 3 (0,50-0,75) uT","Tipo 4 (>0,75) uT")))) -> Tipo 1 (≤0,25) uT | BF217: =IF(OR(AF217="",AQ217="-"),"",IF(AF217<=0.25,"Tipo 1 (≤0,25) uT",IF(AF217<=0.5,"Tipo 2 (0,25-0,50) uT",IF(AF217<=0.75,"Tipo 3 (0,50-0,75) uT","Tipo 4 (>0,75) uT")))) -> Tipo 1 (≤0,25) uT | BG217: =IF(OR(AQ217="",AQ217="-"),"",IF(AQ217<=0.25,"Tipo 1 (≤0,25) uT",IF(AQ217<=0.5,"Tipo 2 (0,25-0,50) uT",IF(AQ217<=0.75,"Tipo 3 (0,50-0,75) uT","Tipo 4 (>0,75) uT")))) -> Tipo 1 (≤0,25) uT | BH217: =IF(OR(R217="",R217="-"),"",IF(R217<=0.25,"Tipo 1 (≤0,25) uT",IF(R217<=0.5,"Tipo 2 (0,25-0,50) uT",IF(R217<=0.75,"Tipo 3 (0,50-0,75) uT","Tipo 4 (>0,75) uT")))) -> Tipo 1 (≤0,25) uT
A218: 46282 | B218: 0.47916667 | C218: 388 | D218: 1657 | E218: 250 | F218: 2204 | G218: N | H218: 9.5 | I218: -1.1 | J218: 90 | K218: 90 | L218: 90 | M218: 26.4 | N218: 6.5 | O218: 1.19 | P218: 12 | Q218: 6.6 | R218: 0.15 | S218: 22.36 | T218: 0.88 | U218: 0.7 | V218: =(O218+0.3*H218+2)*(F218/2/Z218) -> 1664.02 | W218: =S218*(U218*AA218*0.987-T218)*AB218 -> 1491.1839 | X218: =W218/V218 -> 0.89613342 | Y218: 3 | Z218: 4 | AA218: 6.1 | AB218: 20 | AC218: 6.2 | AD218: 3.9 | AE218: 0.16 | AF218: 0.1 | AG218: =(O218+0.3*H218+2)*(F218/2/AK218) -> 1664.02 | AH218: =S218*(U218*AL218*0.987-T218)*AM218 -> 1708.2758 | AI218: =AH218/AG218 -> 1.0265957 | AJ218: 3 | AK218: 4 | AL218: 6.3 | AM218: 22 | AN218: 6 | AO218: 4.4 | AP218: 0.19 | AQ218: 0.19 | AR218: =SUM(C218:E218) -> 2295 | AS218: =C218/AR218 -> 0.16906318 | AT218: =D218/AR218 -> 0.72200436 | AU218: =E218/AR218 -> 0.10893246 | AV218: =IF(AND(F218<>"",Z218<>""),AB218/(F218/2/Z218),"") -> 0.072595281 | AW218: =IF(AND(F218<>"",AK218<>""),AM218/(F218/2/AK218),"") -> 0.079854809 | AX218: =IF(AND(AQ218<>"",1-(AQ218/O218)>0),1-(AQ218/O218),"") -> 0.84033613 | AY218: =IF(AND(AF218<>"",1-(AF218/O218)>0),1-(AF218/O218),"") -> 0.91596639 | AZ218: =IF(Q218="","",IF(Q218<2.5,"Alc. Bruta < 2,5 mg/L",IF(Q218<5,"2,5 ≤ Alc. Bruta < 5,0 mg/L",IF(Q218<7.5,"5,0 ≤ Alc. Bruta < 7,5 mg/L",IF(Q218<10,"7,5 ≤ Alc. Bruta < 10,0 mg/L",IF(Q218<15,"10,0 ≤ Alca. Bruta < 15,0 mg/L","Alc. Bruta > 15 mg/L")))))) -> 5,0 ≤ Alc. Bruta < 7,5 mg/L | BA218: =IF(P218="","",IF(P218<5,"Cor <5 uC",IF(P218<10,"5 ≤ Cor < 10 uC",IF(P218<15,"10 ≤ Cor <15 uC",IF(P218<30,"15 ≤ Cor < 30 uC",IF(P218<50,"30 ≤ Cor < 50 uC","Cor > 50 uC")))))) -> 10 ≤ Cor <15 uC | BB218: =IF(O218="","",IF(O218<2.5,"Turbidez < 2,5 uT",IF(O218<5,"2,5 ≤ Turb < 5,0 uT",IF(O218<7.5,"5,0 ≤ Turb < 7,5 uT",IF(O218<10,"7,5 ≤ Turb < 10,0 uT",IF(O218<15,"10,0 ≤ Turb < 15,0 uT","Turb > 15 uT")))))) -> Turbidez < 2,5 uT | BC218: =IF(AND(C218>D218,D218>E218),"TOR > SM > BNN",IF(AND(C218>E218,E218>D218),"TOR > BNN > SM",IF(AND(D218>C218,C218>E218),"SM > TOR > BNN",IF(AND(D218>E218,E218>C218),"SM > BNN > TOR",IF(AND(C218=D218,D218=E218),"TOR = SM = BNN","Comb. diferentes"))))) -> SM > TOR > BNN | BD218: =IF(OR(AE218="",AQ218="-"),"",IF(AE218<=0.25,"Tipo 1 (≤0,25) uT",IF(AE218<=0.5,"Tipo 2 (0,25-0,50) uT",IF(AE218<=0.75,"Tipo 3 (0,50-0,75) uT","Tipo 4 (>0,75) uT")))) -> Tipo 1 (≤0,25) uT | BE218: =IF(OR(AP218="",AZ218="-"),"",IF(AP218<=0.25,"Tipo 1 (≤0,25) uT",IF(AP218<=0.5,"Tipo 2 (0,25-0,50) uT",IF(AP218<=0.75,"Tipo 3 (0,50-0,75) uT","Tipo 4 (>0,75) uT")))) -> Tipo 1 (≤0,25) uT | BF218: =IF(OR(AF218="",AQ218="-"),"",IF(AF218<=0.25,"Tipo 1 (≤0,25) uT",IF(AF218<=0.5,"Tipo 2 (0,25-0,50) uT",IF(AF218<=0.75,"Tipo 3 (0,50-0,75) uT","Tipo 4 (>0,75) uT")))) -> Tipo 1 (≤0,25) uT | BG218: =IF(OR(AQ218="",AQ218="-"),"",IF(AQ218<=0.25,"Tipo 1 (≤0,25) uT",IF(AQ218<=0.5,"Tipo 2 (0,25-0,50) uT",IF(AQ218<=0.75,"Tipo 3 (0,50-0,75) uT","Tipo 4 (>0,75) uT")))) -> Tipo 1 (≤0,25) uT | BH218: =IF(OR(R218="",R218="-"),"",IF(R218<=0.25,"Tipo 1 (≤0,25) uT",IF(R218<=0.5,"Tipo 2 (0,25-0,50) uT",IF(R218<=0.75,"Tipo 3 (0,50-0,75) uT","Tipo 4 (>0,75) uT")))) -> Tipo 1 (≤0,25) uT
A219: 46282 | B219: 0.64583333 | C219: 395 | D219: 1670 | E219: 220 | F219: 2300 | G219: N | H219: 9.5 | I219: -15 | J219: 90 | K219: 90 | L219: 90 | M219: 25.5 | N219: 6.4 | O219: 1.61 | P219: 16 | Q219: 6.3 | R219: 0.11 | S219: 22.36 | T219: 0.88 | U219: 0.7 | V219: =(O219+0.3*H219+2)*(F219/2/Z219) -> 1857.25 | W219: =S219*(U219*AA219*0.987-T219)*AB219 -> 1491.1839 | X219: =W219/V219 -> 0.80289887 | Y219: 3 | Z219: 4 | AA219: 6.1 | AB219: 20 | AC219: 6.1 | AD219: 3.5 | AE219: 0.18 | AF219: 0.16 | AG219: =(O219+0.3*H219+2)*(F219/2/AK219) -> 1857.25 | AH219: =S219*(U219*AL219*0.987-T219)*AM219 -> 1708.2758 | AI219: =AH219/AG219 -> 0.91978776 | AJ219: 3 | AK219: 4 | AL219: 6.3 | AM219: 22 | AN219: 5.9 | AO219: 4.2 | AP219: 0.21 | AQ219: 0.21 | AR219: =SUM(C219:E219) -> 2285 | AS219: =C219/AR219 -> 0.17286652 | AT219: =D219/AR219 -> 0.73085339 | AU219: =E219/AR219 -> 0.096280088 | AV219: =IF(AND(F219<>"",Z219<>""),AB219/(F219/2/Z219),"") -> 0.069565217 | AW219: =IF(AND(F219<>"",AK219<>""),AM219/(F219/2/AK219),"") -> 0.076521739 | AX219: =IF(AND(AQ219<>"",1-(AQ219/O219)>0),1-(AQ219/O219),"") -> 0.86956522 | AY219: =IF(AND(AF219<>"",1-(AF219/O219)>0),1-(AF219/O219),"") -> 0.90062112 | AZ219: =IF(Q219="","",IF(Q219<2.5,"Alc. Bruta < 2,5 mg/L",IF(Q219<5,"2,5 ≤ Alc. Bruta < 5,0 mg/L",IF(Q219<7.5,"5,0 ≤ Alc. Bruta < 7,5 mg/L",IF(Q219<10,"7,5 ≤ Alc. Bruta < 10,0 mg/L",IF(Q219<15,"10,0 ≤ Alca. Bruta < 15,0 mg/L","Alc. Bruta > 15 mg/L")))))) -> 5,0 ≤ Alc. Bruta < 7,5 mg/L | BA219: =IF(P219="","",IF(P219<5,"Cor <5 uC",IF(P219<10,"5 ≤ Cor < 10 uC",IF(P219<15,"10 ≤ Cor <15 uC",IF(P219<30,"15 ≤ Cor < 30 uC",IF(P219<50,"30 ≤ Cor < 50 uC","Cor > 50 uC")))))) -> 15 ≤ Cor < 30 uC | BB219: =IF(O219="","",IF(O219<2.5,"Turbidez < 2,5 uT",IF(O219<5,"2,5 ≤ Turb < 5,0 uT",IF(O219<7.5,"5,0 ≤ Turb < 7,5 uT",IF(O219<10,"7,5 ≤ Turb < 10,0 uT",IF(O219<15,"10,0 ≤ Turb < 15,0 uT","Turb > 15 uT")))))) -> Turbidez < 2,5 uT | BC219: =IF(AND(C219>D219,D219>E219),"TOR > SM > BNN",IF(AND(C219>E219,E219>D219),"TOR > BNN > SM",IF(AND(D219>C219,C219>E219),"SM > TOR > BNN",IF(AND(D219>E219,E219>C219),"SM > BNN > TOR",IF(AND(C219=D219,D219=E219),"TOR = SM = BNN","Comb. diferentes"))))) -> SM > TOR > BNN | BD219: =IF(OR(AE219="",AQ219="-"),"",IF(AE219<=0.25,"Tipo 1 (≤0,25) uT",IF(AE219<=0.5,"Tipo 2 (0,25-0,50) uT",IF(AE219<=0.75,"Tipo 3 (0,50-0,75) uT","Tipo 4 (>0,75) uT")))) -> Tipo 1 (≤0,25) uT | BE219: =IF(OR(AP219="",AZ219="-"),"",IF(AP219<=0.25,"Tipo 1 (≤0,25) uT",IF(AP219<=0.5,"Tipo 2 (0,25-0,50) uT",IF(AP219<=0.75,"Tipo 3 (0,50-0,75) uT","Tipo 4 (>0,75) uT")))) -> Tipo 1 (≤0,25) uT | BF219: =IF(OR(AF219="",AQ219="-"),"",IF(AF219<=0.25,"Tipo 1 (≤0,25) uT",IF(AF219<=0.5,"Tipo 2 (0,25-0,50) uT",IF(AF219<=0.75,"Tipo 3 (0,50-0,75) uT","Tipo 4 (>0,75) uT")))) -> Tipo 1 (≤0,25) uT | BG219: =IF(OR(AQ219="",AQ219="-"),"",IF(AQ219<=0.25,"Tipo 1 (≤0,25) uT",IF(AQ219<=0.5,"Tipo 2 (0,25-0,50) uT",IF(AQ219<=0.75,"Tipo 3 (0,50-0,75) uT","Tipo 4 (>0,75) uT")))) -> Tipo 1 (≤0,25) uT | BH219: =IF(OR(R219="",R219="-"),"",IF(R219<=0.25,"Tipo 1 (≤0,25) uT",IF(R219<=0.5,"Tipo 2 (0,25-0,50) uT",IF(R219<=0.75,"Tipo 3 (0,50-0,75) uT","Tipo 4 (>0,75) uT")))) -> Tipo 1 (≤0,25) uT
A220: 46282 | B220: 0.72916667 | C220: 389 | D220: 1665 | E220: 250 | F220: 2294 | G220: N | H220: 9.5 | I220: -1.8 | J220: 90 | K220: 90 | L220: 90 | M220: 25.6 | N220: 6.3 | O220: 1.37 | P220: 14 | Q220: 6.4 | R220: 0.1 | S220: 22.36 | T220: 0.88 | U220: 0.7 | V220: =(O220+0.3*H220+2)*(F220/2/Z220) -> 1783.585 | W220: =S220*(U220*AA220*0.987-T220)*AB220 -> 1491.1839 | X220: =W220/V220 -> 0.83605992 | Y220: 3 | Z220: 4 | AA220: 6.1 | AB220: 20 | AC220: 6.2 | AD220: 4.4 | AE220: 0.11 | AF220: 0.11 | AG220: =(O220+0.3*H220+2)*(F220/2/AK220) -> 1783.585 | AH220: =S220*(U220*AL220*0.987-T220)*AM220 -> 1708.2758 | AI220: =AH220/AG220 -> 0.95777652 | AJ220: 3 | AK220: 4 | AL220: 6.3 | AM220: 22 | AN220: 5.9 | AO220: 4 | AP220: 0.16 | AQ220: 0.16 | AR220: =SUM(C220:E220) -> 2304 | AS220: =C220/AR220 -> 0.16883681 | AT220: =D220/AR220 -> 0.72265625 | AU220: =E220/AR220 -> 0.10850694 | AV220: =IF(AND(F220<>"",Z220<>""),AB220/(F220/2/Z220),"") -> 0.069747167 | AW220: =IF(AND(F220<>"",AK220<>""),AM220/(F220/2/AK220),"") -> 0.076721883 | AX220: =IF(AND(AQ220<>"",1-(AQ220/O220)>0),1-(AQ220/O220),"") -> 0.88321168 | AY220: =IF(AND(AF220<>"",1-(AF220/O220)>0),1-(AF220/O220),"") -> 0.91970803 | AZ220: =IF(Q220="","",IF(Q220<2.5,"Alc. Bruta < 2,5 mg/L",IF(Q220<5,"2,5 ≤ Alc. Bruta < 5,0 mg/L",IF(Q220<7.5,"5,0 ≤ Alc. Bruta < 7,5 mg/L",IF(Q220<10,"7,5 ≤ Alc. Bruta < 10,0 mg/L",IF(Q220<15,"10,0 ≤ Alca. Bruta < 15,0 mg/L","Alc. Bruta > 15 mg/L")))))) -> 5,0 ≤ Alc. Bruta < 7,5 mg/L | BA220: =IF(P220="","",IF(P220<5,"Cor <5 uC",IF(P220<10,"5 ≤ Cor < 10 uC",IF(P220<15,"10 ≤ Cor <15 uC",IF(P220<30,"15 ≤ Cor < 30 uC",IF(P220<50,"30 ≤ Cor < 50 uC","Cor > 50 uC")))))) -> 10 ≤ Cor <15 uC | BB220: =IF(O220="","",IF(O220<2.5,"Turbidez < 2,5 uT",IF(O220<5,"2,5 ≤ Turb < 5,0 uT",IF(O220<7.5,"5,0 ≤ Turb < 7,5 uT",IF(O220<10,"7,5 ≤ Turb < 10,0 uT",IF(O220<15,"10,0 ≤ Turb < 15,0 uT","Turb > 15 uT")))))) -> Turbidez < 2,5 uT | BC220: =IF(AND(C220>D220,D220>E220),"TOR > SM > BNN",IF(AND(C220>E220,E220>D220),"TOR > BNN > SM",IF(AND(D220>C220,C220>E220),"SM > TOR > BNN",IF(AND(D220>E220,E220>C220),"SM > BNN > TOR",IF(AND(C220=D220,D220=E220),"TOR = SM = BNN","Comb. diferentes"))))) -> SM > TOR > BNN | BD220: =IF(OR(AE220="",AQ220="-"),"",IF(AE220<=0.25,"Tipo 1 (≤0,25) uT",IF(AE220<=0.5,"Tipo 2 (0,25-0,50) uT",IF(AE220<=0.75,"Tipo 3 (0,50-0,75) uT","Tipo 4 (>0,75) uT")))) -> Tipo 1 (≤0,25) uT | BE220: =IF(OR(AP220="",AZ220="-"),"",IF(AP220<=0.25,"Tipo 1 (≤0,25) uT",IF(AP220<=0.5,"Tipo 2 (0,25-0,50) uT",IF(AP220<=0.75,"Tipo 3 (0,50-0,75) uT","Tipo 4 (>0,75) uT")))) -> Tipo 1 (≤0,25) uT | BF220: =IF(OR(AF220="",AQ220="-"),"",IF(AF220<=0.25,"Tipo 1 (≤0,25) uT",IF(AF220<=0.5,"Tipo 2 (0,25-0,50) uT",IF(AF220<=0.75,"Tipo 3 (0,50-0,75) uT","Tipo 4 (>0,75) uT")))) -> Tipo 1 (≤0,25) uT | BG220: =IF(OR(AQ220="",AQ220="-"),"",IF(AQ220<=0.25,"Tipo 1 (≤0,25) uT",IF(AQ220<=0.5,"Tipo 2 (0,25-0,50) uT",IF(AQ220<=0.75,"Tipo 3 (0,50-0,75) uT","Tipo 4 (>0,75) uT")))) -> Tipo 1 (≤0,25) uT | BH220: =IF(OR(R220="",R220="-"),"",IF(R220<=0.25,"Tipo 1 (≤0,25) uT",IF(R220<=0.5,"Tipo 2 (0,25-0,50) uT",IF(R220<=0.75,"Tipo 3 (0,50-0,75) uT","Tipo 4 (>0,75) uT")))) -> Tipo 1 (≤0,25) uT
A221: 46282 | B221: 0.8125 | C221: 402 | D221: 1613 | E221: 250 | F221: 2264 | G221: N | H221: 9.5 | I221: -15.6 | J221: 90 | K221: 90 | L221: 90 | M221: 23.9 | N221: 6.3 | O221: 1.7 | P221: 15 | Q221: 6.3 | R221: 0.1 | S221: 22.36 | T221: 0.88 | U221: 0.7 | V221: =(O221+0.3*H221+2)*(F221/2/Z221) -> 1853.65 | W221: =S221*(U221*AA221*0.987-T221)*AB221 -> 1491.1839 | X221: =W221/V221 -> 0.80445819 | Y221: 3 | Z221: 4 | AA221: 6.1 | AB221: 20 | AC221: 6.2 | AD221: 4.7 | AE221: 0.16 | AF221: 0.11 | AG221: =(O221+0.3*H221+2)*(F221/2/AK221) -> 1853.65 | AH221: =S221*(U221*AL221*0.987-T221)*AM221 -> 1708.2758 | AI221: =AH221/AG221 -> 0.9215741 | AJ221: 3 | AK221: 4 | AL221: 6.3 | AM221: 22 | AN221: 6 | AO221: 4.9 | AP221: 0.32 | AQ221: 0.32 | AR221: =SUM(C221:E221) -> 2265 | AS221: =C221/AR221 -> 0.17748344 | AT221: =D221/AR221 -> 0.71214128 | AU221: =E221/AR221 -> 0.11037528 | AV221: =IF(AND(F221<>"",Z221<>""),AB221/(F221/2/Z221),"") -> 0.070671378 | AW221: =IF(AND(F221<>"",AK221<>""),AM221/(F221/2/AK221),"") -> 0.077738516 | AX221: =IF(AND(AQ221<>"",1-(AQ221/O221)>0),1-(AQ221/O221),"") -> 0.81176471 | AY221: =IF(AND(AF221<>"",1-(AF221/O221)>0),1-(AF221/O221),"") -> 0.93529412 | AZ221: =IF(Q221="","",IF(Q221<2.5,"Alc. Bruta < 2,5 mg/L",IF(Q221<5,"2,5 ≤ Alc. Bruta < 5,0 mg/L",IF(Q221<7.5,"5,0 ≤ Alc. Bruta < 7,5 mg/L",IF(Q221<10,"7,5 ≤ Alc. Bruta < 10,0 mg/L",IF(Q221<15,"10,0 ≤ Alca. Bruta < 15,0 mg/L","Alc. Bruta > 15 mg/L")))))) -> 5,0 ≤ Alc. Bruta < 7,5 mg/L | BA221: =IF(P221="","",IF(P221<5,"Cor <5 uC",IF(P221<10,"5 ≤ Cor < 10 uC",IF(P221<15,"10 ≤ Cor <15 uC",IF(P221<30,"15 ≤ Cor < 30 uC",IF(P221<50,"30 ≤ Cor < 50 uC","Cor > 50 uC")))))) -> 15 ≤ Cor < 30 uC | BB221: =IF(O221="","",IF(O221<2.5,"Turbidez < 2,5 uT",IF(O221<5,"2,5 ≤ Turb < 5,0 uT",IF(O221<7.5,"5,0 ≤ Turb < 7,5 uT",IF(O221<10,"7,5 ≤ Turb < 10,0 uT",IF(O221<15,"10,0 ≤ Turb < 15,0 uT","Turb > 15 uT")))))) -> Turbidez < 2,5 uT | BC221: =IF(AND(C221>D221,D221>E221),"TOR > SM > BNN",IF(AND(C221>E221,E221>D221),"TOR > BNN > SM",IF(AND(D221>C221,C221>E221),"SM > TOR > BNN",IF(AND(D221>E221,E221>C221),"SM > BNN > TOR",IF(AND(C221=D221,D221=E221),"TOR = SM = BNN","Comb. diferentes"))))) -> SM > TOR > BNN | BD221: =IF(OR(AE221="",AQ221="-"),"",IF(AE221<=0.25,"Tipo 1 (≤0,25) uT",IF(AE221<=0.5,"Tipo 2 (0,25-0,50) uT",IF(AE221<=0.75,"Tipo 3 (0,50-0,75) uT","Tipo 4 (>0,75) uT")))) -> Tipo 1 (≤0,25) uT | BE221: =IF(OR(AP221="",AZ221="-"),"",IF(AP221<=0.25,"Tipo 1 (≤0,25) uT",IF(AP221<=0.5,"Tipo 2 (0,25-0,50) uT",IF(AP221<=0.75,"Tipo 3 (0,50-0,75) uT","Tipo 4 (>0,75) uT")))) -> Tipo 2 (0,25-0,50) uT | BF221: =IF(OR(AF221="",AQ221="-"),"",IF(AF221<=0.25,"Tipo 1 (≤0,25) uT",IF(AF221<=0.5,"Tipo 2 (0,25-0,50) uT",IF(AF221<=0.75,"Tipo 3 (0,50-0,75) uT","Tipo 4 (>0,75) uT")))) -> Tipo 1 (≤0,25) uT | BG221: =IF(OR(AQ221="",AQ221="-"),"",IF(AQ221<=0.25,"Tipo 1 (≤0,25) uT",IF(AQ221<=0.5,"Tipo 2 (0,25-0,50) uT",IF(AQ221<=0.75,"Tipo 3 (0,50-0,75) uT","Tipo 4 (>0,75) uT")))) -> Tipo 2 (0,25-0,50) uT | BH221: =IF(OR(R221="",R221="-"),"",IF(R221<=0.25,"Tipo 1 (≤0,25) uT",IF(R221<=0.5,"Tipo 2 (0,25-0,50) uT",IF(R221<=0.75,"Tipo 3 (0,50-0,75) uT","Tipo 4 (>0,75) uT")))) -> Tipo 1 (≤0,25) uT
A222: 46282 | B222: 0.89583333 | C222: 384 | D222: 1693 | E222: 250 | F222: 2260 | G222: N | H222: 9.5 | I222: 14.8 | J222: 90 | K222: 90 | L222: 90 | M222: 25.1 | N222: 6.4 | O222: 1.22 | P222: 10 | Q222: 6.5 | R222: 0.09 | S222: 22.36 | T222: 0.88 | U222: 0.7 | V222: =(O222+0.3*H222+2)*(F222/2/Z222) -> 1714.775 | W222: =S222*(U222*AA222*0.987-T222)*AB222 -> 1460.2869 | X222: =W222/V222 -> 0.85159096 | Y222: 3 | Z222: 4 | AA222: 6 | AB222: 20 | AC222: 6.1 | AD222: 4.8 | AE222: 0.17 | AF222: 0.1 | AG222: =(O222+0.3*H222+2)*(F222/2/AK222) -> 1714.775 | AH222: =S222*(U222*AL222*0.987-T222)*AM222 -> 1708.2758 | AI222: =AH222/AG222 -> 0.9962099 | AJ222: 3 | AK222: 4 | AL222: 6.3 | AM222: 22 | AN222: 6.1 | AO222: 5.1 | AP222: 0.26 | AQ222: 0.26 | AR222: =SUM(C222:E222) -> 2327 | AS222: =C222/AR222 -> 0.16501934 | AT222: =D222/AR222 -> 0.7275462 | AU222: =E222/AR222 -> 0.10743446 | AV222: =IF(AND(F222<>"",Z222<>""),AB222/(F222/2/Z222),"") -> 0.07079646 | AW222: =IF(AND(F222<>"",AK222<>""),AM222/(F222/2/AK222),"") -> 0.077876106 | AX222: =IF(AND(AQ222<>"",1-(AQ222/O222)>0),1-(AQ222/O222),"") -> 0.78688525 | AY222: =IF(AND(AF222<>"",1-(AF222/O222)>0),1-(AF222/O222),"") -> 0.91803279 | AZ222: =IF(Q222="","",IF(Q222<2.5,"Alc. Bruta < 2,5 mg/L",IF(Q222<5,"2,5 ≤ Alc. Bruta < 5,0 mg/L",IF(Q222<7.5,"5,0 ≤ Alc. Bruta < 7,5 mg/L",IF(Q222<10,"7,5 ≤ Alc. Bruta < 10,0 mg/L",IF(Q222<15,"10,0 ≤ Alca. Bruta < 15,0 mg/L","Alc. Bruta > 15 mg/L")))))) -> 5,0 ≤ Alc. Bruta < 7,5 mg/L | BA222: =IF(P222="","",IF(P222<5,"Cor <5 uC",IF(P222<10,"5 ≤ Cor < 10 uC",IF(P222<15,"10 ≤ Cor <15 uC",IF(P222<30,"15 ≤ Cor < 30 uC",IF(P222<50,"30 ≤ Cor < 50 uC","Cor > 50 uC")))))) -> 10 ≤ Cor <15 uC | BB222: =IF(O222="","",IF(O222<2.5,"Turbidez < 2,5 uT",IF(O222<5,"2,5 ≤ Turb < 5,0 uT",IF(O222<7.5,"5,0 ≤ Turb < 7,5 uT",IF(O222<10,"7,5 ≤ Turb < 10,0 uT",IF(O222<15,"10,0 ≤ Turb < 15,0 uT","Turb > 15 uT")))))) -> Turbidez < 2,5 uT | BC222: =IF(AND(C222>D222,D222>E222),"TOR > SM > BNN",IF(AND(C222>E222,E222>D222),"TOR > BNN > SM",IF(AND(D222>C222,C222>E222),"SM > TOR > BNN",IF(AND(D222>E222,E222>C222),"SM > BNN > TOR",IF(AND(C222=D222,D222=E222),"TOR = SM = BNN","Comb. diferentes"))))) -> SM > TOR > BNN | BD222: =IF(OR(AE222="",AQ222="-"),"",IF(AE222<=0.25,"Tipo 1 (≤0,25) uT",IF(AE222<=0.5,"Tipo 2 (0,25-0,50) uT",IF(AE222<=0.75,"Tipo 3 (0,50-0,75) uT","Tipo 4 (>0,75) uT")))) -> Tipo 1 (≤0,25) uT | BE222: =IF(OR(AP222="",AZ222="-"),"",IF(AP222<=0.25,"Tipo 1 (≤0,25) uT",IF(AP222<=0.5,"Tipo 2 (0,25-0,50) uT",IF(AP222<=0.75,"Tipo 3 (0,50-0,75) uT","Tipo 4 (>0,75) uT")))) -> Tipo 2 (0,25-0,50) uT | BF222: =IF(OR(AF222="",AQ222="-"),"",IF(AF222<=0.25,"Tipo 1 (≤0,25) uT",IF(AF222<=0.5,"Tipo 2 (0,25-0,50) uT",IF(AF222<=0.75,"Tipo 3 (0,50-0,75) uT","Tipo 4 (>0,75) uT")))) -> Tipo 1 (≤0,25) uT | BG222: =IF(OR(AQ222="",AQ222="-"),"",IF(AQ222<=0.25,"Tipo 1 (≤0,25) uT",IF(AQ222<=0.5,"Tipo 2 (0,25-0,50) uT",IF(AQ222<=0.75,"Tipo 3 (0,50-0,75) uT","Tipo 4 (>0,75) uT")))) -> Tipo 2 (0,25-0,50) uT | BH222: =IF(OR(R222="",R222="-"),"",IF(R222<=0.25,"Tipo 1 (≤0,25) uT",IF(R222<=0.5,"Tipo 2 (0,25-0,50) uT",IF(R222<=0.75,"Tipo 3 (0,50-0,75) uT","Tipo 4 (>0,75) uT")))) -> Tipo 1 (≤0,25) uT
A223: 46283 | B223: 0.0625 | C223: 402 | D223: 1600 | E223: 249 | F223: 2312 | G223: N | H223: 9.5 | I223: -29.1 | J223: 90 | K223: 90 | L223: 90 | M223: 24.9 | N223: 6.4 | O223: 1.33 | P223: 10 | Q223: 6.3 | R223: 0.1 | S223: 22.36 | T223: 0.88 | U223: 0.7 | V223: =(O223+0.3*H223+2)*(F223/2/Z223) -> 1786.02 | W223: =S223*(U223*AA223*0.987-T223)*AB223 -> 1460.2869 | X223: =W223/V223 -> 0.81762068 | Y223: 3 | Z223: 4 | AA223: 6 | AB223: 20 | AC223: 6.4 | AD223: 5 | AE223: 0.26 | AF223: 0.19 | AG223: =(O223+0.3*H223+2)*(F223/2/AK223) -> 1786.02 | AH223: =S223*(U223*AL223*0.987-T223)*AM223 -> 1708.2758 | AI223: =AH223/AG223 -> 0.95647071 | AJ223: 3 | AK223: 4 | AL223: 6.3 | AM223: 22 | AN223: 6.1 | AO223: 5.1 | AP223: 0.31 | AQ223: 0.31 | AR223: =SUM(C223:E223) -> 2251 | AS223: =C223/AR223 -> 0.17858729 | AT223: =D223/AR223 -> 0.7107952 | AU223: =E223/AR223 -> 0.1106175 | AV223: =IF(AND(F223<>"",Z223<>""),AB223/(F223/2/Z223),"") -> 0.069204152 | AW223: =IF(AND(F223<>"",AK223<>""),AM223/(F223/2/AK223),"") -> 0.076124567 | AX223: =IF(AND(AQ223<>"",1-(AQ223/O223)>0),1-(AQ223/O223),"") -> 0.76691729 | AY223: =IF(AND(AF223<>"",1-(AF223/O223)>0),1-(AF223/O223),"") -> 0.85714286 | AZ223: =IF(Q223="","",IF(Q223<2.5,"Alc. Bruta < 2,5 mg/L",IF(Q223<5,"2,5 ≤ Alc. Bruta < 5,0 mg/L",IF(Q223<7.5,"5,0 ≤ Alc. Bruta < 7,5 mg/L",IF(Q223<10,"7,5 ≤ Alc. Bruta < 10,0 mg/L",IF(Q223<15,"10,0 ≤ Alca. Bruta < 15,0 mg/L","Alc. Bruta > 15 mg/L")))))) -> 5,0 ≤ Alc. Bruta < 7,5 mg/L | BA223: =IF(P223="","",IF(P223<5,"Cor <5 uC",IF(P223<10,"5 ≤ Cor < 10 uC",IF(P223<15,"10 ≤ Cor <15 uC",IF(P223<30,"15 ≤ Cor < 30 uC",IF(P223<50,"30 ≤ Cor < 50 uC","Cor > 50 uC")))))) -> 10 ≤ Cor <15 uC | BB223: =IF(O223="","",IF(O223<2.5,"Turbidez < 2,5 uT",IF(O223<5,"2,5 ≤ Turb < 5,0 uT",IF(O223<7.5,"5,0 ≤ Turb < 7,5 uT",IF(O223<10,"7,5 ≤ Turb < 10,0 uT",IF(O223<15,"10,0 ≤ Turb < 15,0 uT","Turb > 15 uT")))))) -> Turbidez < 2,5 uT | BC223: =IF(AND(C223>D223,D223>E223),"TOR > SM > BNN",IF(AND(C223>E223,E223>D223),"TOR > BNN > SM",IF(AND(D223>C223,C223>E223),"SM > TOR > BNN",IF(AND(D223>E223,E223>C223),"SM > BNN > TOR",IF(AND(C223=D223,D223=E223),"TOR = SM = BNN","Comb. diferentes"))))) -> SM > TOR > BNN | BD223: =IF(OR(AE223="",AQ223="-"),"",IF(AE223<=0.25,"Tipo 1 (≤0,25) uT",IF(AE223<=0.5,"Tipo 2 (0,25-0,50) uT",IF(AE223<=0.75,"Tipo 3 (0,50-0,75) uT","Tipo 4 (>0,75) uT")))) -> Tipo 2 (0,25-0,50) uT | BE223: =IF(OR(AP223="",AZ223="-"),"",IF(AP223<=0.25,"Tipo 1 (≤0,25) uT",IF(AP223<=0.5,"Tipo 2 (0,25-0,50) uT",IF(AP223<=0.75,"Tipo 3 (0,50-0,75) uT","Tipo 4 (>0,75) uT")))) -> Tipo 2 (0,25-0,50) uT | BF223: =IF(OR(AF223="",AQ223="-"),"",IF(AF223<=0.25,"Tipo 1 (≤0,25) uT",IF(AF223<=0.5,"Tipo 2 (0,25-0,50) uT",IF(AF223<=0.75,"Tipo 3 (0,50-0,75) uT","Tipo 4 (>0,75) uT")))) -> Tipo 1 (≤0,25) uT | BG223: =IF(OR(AQ223="",AQ223="-"),"",IF(AQ223<=0.25,"Tipo 1 (≤0,25) uT",IF(AQ223<=0.5,"Tipo 2 (0,25-0,50) uT",IF(AQ223<=0.75,"Tipo 3 (0,50-0,75) uT","Tipo 4 (>0,75) uT")))) -> Tipo 2 (0,25-0,50) uT | BH223: =IF(OR(R223="",R223="-"),"",IF(R223<=0.25,"Tipo 1 (≤0,25) uT",IF(R223<=0.5,"Tipo 2 (0,25-0,50) uT",IF(R223<=0.75,"Tipo 3 (0,50-0,75) uT","Tipo 4 (>0,75) uT")))) -> Tipo 1 (≤0,25) uT
A224: 46283 | B224: 0.14583333 | C224: 392 | D224: 1654 | E224: 250 | F224: 2264 | G224: N | H224: 9.5 | I224: -29.4 | J224: 90 | K224: 90 | L224: 90 | M224: 24.6 | N224: 6.4 | O224: 1.31 | P224: 7 | Q224: 6.4 | R224: 0.11 | S224: 22.36 | T224: 0.88 | U224: 0.7 | V224: =(O224+0.3*H224+2)*(F224/2/Z224) -> 1743.28 | W224: =S224*(U224*AA224*0.987-T224)*AB224 -> 1536.7169 | X224: =W224/V224 -> 0.88150896 | Y224: 3 | Z224: 4 | AA224: 6.8 | AB224: 18 | AC224: 6.1 | AD224: 4.9 | AE224: 0.2 | AF224: 0.11 | AG224: =(O224+0.3*H224+2)*(F224/2/AK224) -> 1743.28 | AH224: =S224*(U224*AL224*0.987-T224)*AM224 -> 1708.2758 | AI224: =AH224/AG224 -> 0.97992051 | AJ224: 3 | AK224: 4 | AL224: 6.3 | AM224: 22 | AN224: 6 | AO224: 5.2 | AP224: 0.22 | AQ224: 0.22 | AR224: =SUM(C224:E224) -> 2296 | AS224: =C224/AR224 -> 0.17073171 | AT224: =D224/AR224 -> 0.72038328 | AU224: =E224/AR224 -> 0.10888502 | AV224: =IF(AND(F224<>"",Z224<>""),AB224/(F224/2/Z224),"") -> 0.06360424 | AW224: =IF(AND(F224<>"",AK224<>""),AM224/(F224/2/AK224),"") -> 0.077738516 | AX224: =IF(AND(AQ224<>"",1-(AQ224/O224)>0),1-(AQ224/O224),"") -> 0.83206107 | AY224: =IF(AND(AF224<>"",1-(AF224/O224)>0),1-(AF224/O224),"") -> 0.91603053 | AZ224: =IF(Q224="","",IF(Q224<2.5,"Alc. Bruta < 2,5 mg/L",IF(Q224<5,"2,5 ≤ Alc. Bruta < 5,0 mg/L",IF(Q224<7.5,"5,0 ≤ Alc. Bruta < 7,5 mg/L",IF(Q224<10,"7,5 ≤ Alc. Bruta < 10,0 mg/L",IF(Q224<15,"10,0 ≤ Alca. Bruta < 15,0 mg/L","Alc. Bruta > 15 mg/L")))))) -> 5,0 ≤ Alc. Bruta < 7,5 mg/L | BA224: =IF(P224="","",IF(P224<5,"Cor <5 uC",IF(P224<10,"5 ≤ Cor < 10 uC",IF(P224<15,"10 ≤ Cor <15 uC",IF(P224<30,"15 ≤ Cor < 30 uC",IF(P224<50,"30 ≤ Cor < 50 uC","Cor > 50 uC")))))) -> 5 ≤ Cor < 10 uC | BB224: =IF(O224="","",IF(O224<2.5,"Turbidez < 2,5 uT",IF(O224<5,"2,5 ≤ Turb < 5,0 uT",IF(O224<7.5,"5,0 ≤ Turb < 7,5 uT",IF(O224<10,"7,5 ≤ Turb < 10,0 uT",IF(O224<15,"10,0 ≤ Turb < 15,0 uT","Turb > 15 uT")))))) -> Turbidez < 2,5 uT | BC224: =IF(AND(C224>D224,D224>E224),"TOR > SM > BNN",IF(AND(C224>E224,E224>D224),"TOR > BNN > SM",IF(AND(D224>C224,C224>E224),"SM > TOR > BNN",IF(AND(D224>E224,E224>C224),"SM > BNN > TOR",IF(AND(C224=D224,D224=E224),"TOR = SM = BNN","Comb. diferentes"))))) -> SM > TOR > BNN | BD224: =IF(OR(AE224="",AQ224="-"),"",IF(AE224<=0.25,"Tipo 1 (≤0,25) uT",IF(AE224<=0.5,"Tipo 2 (0,25-0,50) uT",IF(AE224<=0.75,"Tipo 3 (0,50-0,75) uT","Tipo 4 (>0,75) uT")))) -> Tipo 1 (≤0,25) uT | BE224: =IF(OR(AP224="",AZ224="-"),"",IF(AP224<=0.25,"Tipo 1 (≤0,25) uT",IF(AP224<=0.5,"Tipo 2 (0,25-0,50) uT",IF(AP224<=0.75,"Tipo 3 (0,50-0,75) uT","Tipo 4 (>0,75) uT")))) -> Tipo 1 (≤0,25) uT | BF224: =IF(OR(AF224="",AQ224="-"),"",IF(AF224<=0.25,"Tipo 1 (≤0,25) uT",IF(AF224<=0.5,"Tipo 2 (0,25-0,50) uT",IF(AF224<=0.75,"Tipo 3 (0,50-0,75) uT","Tipo 4 (>0,75) uT")))) -> Tipo 1 (≤0,25) uT | BG224: =IF(OR(AQ224="",AQ224="-"),"",IF(AQ224<=0.25,"Tipo 1 (≤0,25) uT",IF(AQ224<=0.5,"Tipo 2 (0,25-0,50) uT",IF(AQ224<=0.75,"Tipo 3 (0,50-0,75) uT","Tipo 4 (>0,75) uT")))) -> Tipo 1 (≤0,25) uT | BH224: =IF(OR(R224="",R224="-"),"",IF(R224<=0.25,"Tipo 1 (≤0,25) uT",IF(R224<=0.5,"Tipo 2 (0,25-0,50) uT",IF(R224<=0.75,"Tipo 3 (0,50-0,75) uT","Tipo 4 (>0,75) uT")))) -> Tipo 1 (≤0,25) uT
A225: 46283 | B225: 0.22916667 | C225: 401 | D225: 1622 | E225: 249 | F225: 2250 | G225: N | H225: 9.5 | I225: -34.2 | J225: 90 | K225: 90 | L225: 90 | M225: 24.2 | N225: 6.5 | O225: 1.29 | P225: 7 | Q225: 6.4 | R225: 0.12 | S225: 22.36 | T225: 0.88 | U225: 0.7 | V225: =(O225+0.3*H225+2)*(F225/2/Z225) -> 1726.875 | W225: =S225*(U225*AA225*0.987-T225)*AB225 -> 1460.2869 | X225: =W225/V225 -> 0.84562396 | Y225: 3 | Z225: 4 | AA225: 6 | AB225: 20 | AC225: 6.2 | AD225: 5 | AE225: 0.12 | AF225: 0.11 | AG225: =(O225+0.3*H225+2)*(F225/2/AK225) -> 1726.875 | AH225: =S225*(U225*AL225*0.987-T225)*AM225 -> 1785.9247 | AI225: =AH225/AG225 -> 1.0341946 | AJ225: 3 | AK225: 4 | AL225: 6.3 | AM225: 23 | AN225: 6.2 | AO225: 5.3 | AP225: 0.15 | AQ225: 0.15 | AR225: =SUM(C225:E225) -> 2272 | AS225: =C225/AR225 -> 0.17649648 | AT225: =D225/AR225 -> 0.71390845 | AU225: =E225/AR225 -> 0.10959507 | AV225: =IF(AND(F225<>"",Z225<>""),AB225/(F225/2/Z225),"") -> 0.071111111 | AW225: =IF(AND(F225<>"",AK225<>""),AM225/(F225/2/AK225),"") -> 0.081777778 | AX225: =IF(AND(AQ225<>"",1-(AQ225/O225)>0),1-(AQ225/O225),"") -> 0.88372093 | AY225: =IF(AND(AF225<>"",1-(AF225/O225)>0),1-(AF225/O225),"") -> 0.91472868 | AZ225: =IF(Q225="","",IF(Q225<2.5,"Alc. Bruta < 2,5 mg/L",IF(Q225<5,"2,5 ≤ Alc. Bruta < 5,0 mg/L",IF(Q225<7.5,"5,0 ≤ Alc. Bruta < 7,5 mg/L",IF(Q225<10,"7,5 ≤ Alc. Bruta < 10,0 mg/L",IF(Q225<15,"10,0 ≤ Alca. Bruta < 15,0 mg/L","Alc. Bruta > 15 mg/L")))))) -> 5,0 ≤ Alc. Bruta < 7,5 mg/L | BA225: =IF(P225="","",IF(P225<5,"Cor <5 uC",IF(P225<10,"5 ≤ Cor < 10 uC",IF(P225<15,"10 ≤ Cor <15 uC",IF(P225<30,"15 ≤ Cor < 30 uC",IF(P225<50,"30 ≤ Cor < 50 uC","Cor > 50 uC")))))) -> 5 ≤ Cor < 10 uC | BB225: =IF(O225="","",IF(O225<2.5,"Turbidez < 2,5 uT",IF(O225<5,"2,5 ≤ Turb < 5,0 uT",IF(O225<7.5,"5,0 ≤ Turb < 7,5 uT",IF(O225<10,"7,5 ≤ Turb < 10,0 uT",IF(O225<15,"10,0 ≤ Turb < 15,0 uT","Turb > 15 uT")))))) -> Turbidez < 2,5 uT | BC225: =IF(AND(C225>D225,D225>E225),"TOR > SM > BNN",IF(AND(C225>E225,E225>D225),"TOR > BNN > SM",IF(AND(D225>C225,C225>E225),"SM > TOR > BNN",IF(AND(D225>E225,E225>C225),"SM > BNN > TOR",IF(AND(C225=D225,D225=E225),"TOR = SM = BNN","Comb. diferentes"))))) -> SM > TOR > BNN | BD225: =IF(OR(AE225="",AQ225="-"),"",IF(AE225<=0.25,"Tipo 1 (≤0,25) uT",IF(AE225<=0.5,"Tipo 2 (0,25-0,50) uT",IF(AE225<=0.75,"Tipo 3 (0,50-0,75) uT","Tipo 4 (>0,75) uT")))) -> Tipo 1 (≤0,25) uT | BE225: =IF(OR(AP225="",AZ225="-"),"",IF(AP225<=0.25,"Tipo 1 (≤0,25) uT",IF(AP225<=0.5,"Tipo 2 (0,25-0,50) uT",IF(AP225<=0.75,"Tipo 3 (0,50-0,75) uT","Tipo 4 (>0,75) uT")))) -> Tipo 1 (≤0,25) uT | BF225: =IF(OR(AF225="",AQ225="-"),"",IF(AF225<=0.25,"Tipo 1 (≤0,25) uT",IF(AF225<=0.5,"Tipo 2 (0,25-0,50) uT",IF(AF225<=0.75,"Tipo 3 (0,50-0,75) uT","Tipo 4 (>0,75) uT")))) -> Tipo 1 (≤0,25) uT | BG225: =IF(OR(AQ225="",AQ225="-"),"",IF(AQ225<=0.25,"Tipo 1 (≤0,25) uT",IF(AQ225<=0.5,"Tipo 2 (0,25-0,50) uT",IF(AQ225<=0.75,"Tipo 3 (0,50-0,75) uT","Tipo 4 (>0,75) uT")))) -> Tipo 1 (≤0,25) uT | BH225: =IF(OR(R225="",R225="-"),"",IF(R225<=0.25,"Tipo 1 (≤0,25) uT",IF(R225<=0.5,"Tipo 2 (0,25-0,50) uT",IF(R225<=0.75,"Tipo 3 (0,50-0,75) uT","Tipo 4 (>0,75) uT")))) -> Tipo 1 (≤0,25) uT
A226: 46283 | B226: 0.3125 | C226: 397 | D226: 1628 | E226: 250 | F226: 2251 | G226: N | H226: 9.5 | I226: -23 | J226: 90 | K226: 90 | L226: 90 | M226: 24.1 | N226: 6.5 | O226: 1.32 | P226: 10 | Q226: 6.8 | R226: 0.11 | S226: 22.36 | T226: 0.88 | U226: 0.7 | V226: =(O226+0.3*H226+2)*(F226/2/Z226) -> 1736.0838 | W226: =S226*(U226*AA226*0.987-T226)*AB226 -> 1524.7356 | X226: =W226/V226 -> 0.87826153 | Y226: 3 | Z226: 4 | AA226: 6.1 | AB226: 20.45 | AC226: 6.1 | AD226: 4.1 | AE226: 0.1 | AF226: 0.11 | AG226: =(O226+0.3*H226+2)*(F226/2/AK226) -> 1736.0838 | AH226: =S226*(U226*AL226*0.987-T226)*AM226 -> 1771.5831 | AI226: =AH226/AG226 -> 1.020448 | AJ226: 3 | AK226: 4 | AL226: 6.31 | AM226: 22.77 | AN226: 6.1 | AO226: 4.1 | AP226: 0.11 | AQ226: 0.18 | AR226: =SUM(C226:E226) -> 2275 | AS226: =C226/AR226 -> 0.17450549 | AT226: =D226/AR226 -> 0.7156044 | AU226: =E226/AR226 -> 0.10989011 | AV226: =IF(AND(F226<>"",Z226<>""),AB226/(F226/2/Z226),"") -> 0.072678809 | AW226: =IF(AND(F226<>"",AK226<>""),AM226/(F226/2/AK226),"") -> 0.080924034 | AX226: =IF(AND(AQ226<>"",1-(AQ226/O226)>0),1-(AQ226/O226),"") -> 0.86363636 | AY226: =IF(AND(AF226<>"",1-(AF226/O226)>0),1-(AF226/O226),"") -> 0.91666667 | AZ226: =IF(Q226="","",IF(Q226<2.5,"Alc. Bruta < 2,5 mg/L",IF(Q226<5,"2,5 ≤ Alc. Bruta < 5,0 mg/L",IF(Q226<7.5,"5,0 ≤ Alc. Bruta < 7,5 mg/L",IF(Q226<10,"7,5 ≤ Alc. Bruta < 10,0 mg/L",IF(Q226<15,"10,0 ≤ Alca. Bruta < 15,0 mg/L","Alc. Bruta > 15 mg/L")))))) -> 5,0 ≤ Alc. Bruta < 7,5 mg/L | BA226: =IF(P226="","",IF(P226<5,"Cor <5 uC",IF(P226<10,"5 ≤ Cor < 10 uC",IF(P226<15,"10 ≤ Cor <15 uC",IF(P226<30,"15 ≤ Cor < 30 uC",IF(P226<50,"30 ≤ Cor < 50 uC","Cor > 50 uC")))))) -> 10 ≤ Cor <15 uC | BB226: =IF(O226="","",IF(O226<2.5,"Turbidez < 2,5 uT",IF(O226<5,"2,5 ≤ Turb < 5,0 uT",IF(O226<7.5,"5,0 ≤ Turb < 7,5 uT",IF(O226<10,"7,5 ≤ Turb < 10,0 uT",IF(O226<15,"10,0 ≤ Turb < 15,0 uT","Turb > 15 uT")))))) -> Turbidez < 2,5 uT | BC226: =IF(AND(C226>D226,D226>E226),"TOR > SM > BNN",IF(AND(C226>E226,E226>D226),"TOR > BNN > SM",IF(AND(D226>C226,C226>E226),"SM > TOR > BNN",IF(AND(D226>E226,E226>C226),"SM > BNN > TOR",IF(AND(C226=D226,D226=E226),"TOR = SM = BNN","Comb. diferentes"))))) -> SM > TOR > BNN | BD226: =IF(OR(AE226="",AQ226="-"),"",IF(AE226<=0.25,"Tipo 1 (≤0,25) uT",IF(AE226<=0.5,"Tipo 2 (0,25-0,50) uT",IF(AE226<=0.75,"Tipo 3 (0,50-0,75) uT","Tipo 4 (>0,75) uT")))) -> Tipo 1 (≤0,25) uT | BE226: =IF(OR(AP226="",AZ226="-"),"",IF(AP226<=0.25,"Tipo 1 (≤0,25) uT",IF(AP226<=0.5,"Tipo 2 (0,25-0,50) uT",IF(AP226<=0.75,"Tipo 3 (0,50-0,75) uT","Tipo 4 (>0,75) uT")))) -> Tipo 1 (≤0,25) uT | BF226: =IF(OR(AF226="",AQ226="-"),"",IF(AF226<=0.25,"Tipo 1 (≤0,25) uT",IF(AF226<=0.5,"Tipo 2 (0,25-0,50) uT",IF(AF226<=0.75,"Tipo 3 (0,50-0,75) uT","Tipo 4 (>0,75) uT")))) -> Tipo 1 (≤0,25) uT | BG226: =IF(OR(AQ226="",AQ226="-"),"",IF(AQ226<=0.25,"Tipo 1 (≤0,25) uT",IF(AQ226<=0.5,"Tipo 2 (0,25-0,50) uT",IF(AQ226<=0.75,"Tipo 3 (0,50-0,75) uT","Tipo 4 (>0,75) uT")))) -> Tipo 1 (≤0,25) uT | BH226: =IF(OR(R226="",R226="-"),"",IF(R226<=0.25,"Tipo 1 (≤0,25) uT",IF(R226<=0.5,"Tipo 2 (0,25-0,50) uT",IF(R226<=0.75,"Tipo 3 (0,50-0,75) uT","Tipo 4 (>0,75) uT")))) -> Tipo 1 (≤0,25) uT
A227: 46283 | B227: 0.39583333 | C227: 385 | D227: 1626 | E227: 250 | F227: 2284 | G227: N | H227: 9.5 | I227: -19 | J227: 90 | K227: 90 | L227: 90 | M227: 25.2 | N227: 6.5 | O227: 1.44 | P227: 10 | Q227: 6.8 | R227: 0.1 | S227: 22.36 | T227: 0.88 | U227: 0.7 | V227: =(O227+0.3*H227+2)*(F227/2/Z227) -> 1795.795 | W227: =S227*(U227*AA227*0.987-T227)*AB227 -> 1485.8419 | X227: =W227/V227 -> 0.82740062 | Y227: 3 | Z227: 4 | AA227: 6 | AB227: 20.35 | AC227: 6.1 | AD227: 4.3 | AE227: 0.11 | AF227: 0.12 | AG227: =(O227+0.3*H227+2)*(F227/2/AK227) -> 1795.795 | AH227: =S227*(U227*AL227*0.987-T227)*AM227 -> 1774.3212 | AI227: =AH227/AG227 -> 0.98804215 | AJ227: 3 | AK227: 4 | AL227: 6.32 | AM227: 22.76 | AN227: 6 | AO227: 4.4 | AP227: 0.11 | AQ227: 0.18 | AR227: =SUM(C227:E227) -> 2261 | AS227: =C227/AR227 -> 0.17027864 | AT227: =D227/AR227 -> 0.71915082 | AU227: =E227/AR227 -> 0.11057054 | AV227: =IF(AND(F227<>"",Z227<>""),AB227/(F227/2/Z227),"") -> 0.071278459 | AW227: =IF(AND(F227<>"",AK227<>""),AM227/(F227/2/AK227),"") -> 0.07971979 | AX227: =IF(AND(AQ227<>"",1-(AQ227/O227)>0),1-(AQ227/O227),"") -> 0.875 | AY227: =IF(AND(AF227<>"",1-(AF227/O227)>0),1-(AF227/O227),"") -> 0.91666667 | AZ227: =IF(Q227="","",IF(Q227<2.5,"Alc. Bruta < 2,5 mg/L",IF(Q227<5,"2,5 ≤ Alc. Bruta < 5,0 mg/L",IF(Q227<7.5,"5,0 ≤ Alc. Bruta < 7,5 mg/L",IF(Q227<10,"7,5 ≤ Alc. Bruta < 10,0 mg/L",IF(Q227<15,"10,0 ≤ Alca. Bruta < 15,0 mg/L","Alc. Bruta > 15 mg/L")))))) -> 5,0 ≤ Alc. Bruta < 7,5 mg/L | BA227: =IF(P227="","",IF(P227<5,"Cor <5 uC",IF(P227<10,"5 ≤ Cor < 10 uC",IF(P227<15,"10 ≤ Cor <15 uC",IF(P227<30,"15 ≤ Cor < 30 uC",IF(P227<50,"30 ≤ Cor < 50 uC","Cor > 50 uC")))))) -> 10 ≤ Cor <15 uC | BB227: =IF(O227="","",IF(O227<2.5,"Turbidez < 2,5 uT",IF(O227<5,"2,5 ≤ Turb < 5,0 uT",IF(O227<7.5,"5,0 ≤ Turb < 7,5 uT",IF(O227<10,"7,5 ≤ Turb < 10,0 uT",IF(O227<15,"10,0 ≤ Turb < 15,0 uT","Turb > 15 uT")))))) -> Turbidez < 2,5 uT | BC227: =IF(AND(C227>D227,D227>E227),"TOR > SM > BNN",IF(AND(C227>E227,E227>D227),"TOR > BNN > SM",IF(AND(D227>C227,C227>E227),"SM > TOR > BNN",IF(AND(D227>E227,E227>C227),"SM > BNN > TOR",IF(AND(C227=D227,D227=E227),"TOR = SM = BNN","Comb. diferentes"))))) -> SM > TOR > BNN | BD227: =IF(OR(AE227="",AQ227="-"),"",IF(AE227<=0.25,"Tipo 1 (≤0,25) uT",IF(AE227<=0.5,"Tipo 2 (0,25-0,50) uT",IF(AE227<=0.75,"Tipo 3 (0,50-0,75) uT","Tipo 4 (>0,75) uT")))) -> Tipo 1 (≤0,25) uT | BE227: =IF(OR(AP227="",AZ227="-"),"",IF(AP227<=0.25,"Tipo 1 (≤0,25) uT",IF(AP227<=0.5,"Tipo 2 (0,25-0,50) uT",IF(AP227<=0.75,"Tipo 3 (0,50-0,75) uT","Tipo 4 (>0,75) uT")))) -> Tipo 1 (≤0,25) uT | BF227: =IF(OR(AF227="",AQ227="-"),"",IF(AF227<=0.25,"Tipo 1 (≤0,25) uT",IF(AF227<=0.5,"Tipo 2 (0,25-0,50) uT",IF(AF227<=0.75,"Tipo 3 (0,50-0,75) uT","Tipo 4 (>0,75) uT")))) -> Tipo 1 (≤0,25) uT | BG227: =IF(OR(AQ227="",AQ227="-"),"",IF(AQ227<=0.25,"Tipo 1 (≤0,25) uT",IF(AQ227<=0.5,"Tipo 2 (0,25-0,50) uT",IF(AQ227<=0.75,"Tipo 3 (0,50-0,75) uT","Tipo 4 (>0,75) uT")))) -> Tipo 1 (≤0,25) uT | BH227: =IF(OR(R227="",R227="-"),"",IF(R227<=0.25,"Tipo 1 (≤0,25) uT",IF(R227<=0.5,"Tipo 2 (0,25-0,50) uT",IF(R227<=0.75,"Tipo 3 (0,50-0,75) uT","Tipo 4 (>0,75) uT")))) -> Tipo 1 (≤0,25) uT
A228: 46283 | B228: 0.64583333 | C228: 391 | D228: 1729 | E228: 249 | F228: 2041 | G228: N | H228: 9.5 | I228: -25.36 | J228: 90 | K228: 90 | L228: 90 | M228: 26 | N228: 6.5 | O228: 1.41 | P228: 9 | Q228: 6.5 | R228: 0.12 | S228: 22.36 | T228: 0.88 | U228: 0.7 | V228: =(O228+0.3*H228+2)*(F228/2/Z228) -> 1597.0825 | W228: =S228*(U228*AA228*0.987-T228)*AB228 -> 1541.1386 | X228: =W228/V228 -> 0.96497118 | Y228: 3 | Z228: 4 | AA228: 6.1 | AB228: 20.67 | AC228: 6 | AD228: 4 | AE228: 0.11 | AF228: 0.11 | AG228: =(O228+0.3*H228+2)*(F228/2/AK228) -> 1597.0825 | AH228: =S228*(U228*AL228*0.987-T228)*AM228 -> 1773.9316 | AI228: =AH228/AG228 -> 1.1107326 | AJ228: 3 | AK228: 4 | AL228: 6.33 | AM228: 22.71 | AN228: 6 | AO228: 4.2 | AP228: 0.1 | AQ228: 0.17 | AR228: =SUM(C228:E228) -> 2369 | AS228: =C228/AR228 -> 0.16504854 | AT228: =D228/AR228 -> 0.72984382 | AU228: =E228/AR228 -> 0.10510764 | AV228: =IF(AND(F228<>"",Z228<>""),AB228/(F228/2/Z228),"") -> 0.081019108 | AW228: =IF(AND(F228<>"",AK228<>""),AM228/(F228/2/AK228),"") -> 0.089015189 | AX228: =IF(AND(AQ228<>"",1-(AQ228/O228)>0),1-(AQ228/O228),"") -> 0.87943262 | AY228: =IF(AND(AF228<>"",1-(AF228/O228)>0),1-(AF228/O228),"") -> 0.92198582 | AZ228: =IF(Q228="","",IF(Q228<2.5,"Alc. Bruta < 2,5 mg/L",IF(Q228<5,"2,5 ≤ Alc. Bruta < 5,0 mg/L",IF(Q228<7.5,"5,0 ≤ Alc. Bruta < 7,5 mg/L",IF(Q228<10,"7,5 ≤ Alc. Bruta < 10,0 mg/L",IF(Q228<15,"10,0 ≤ Alca. Bruta < 15,0 mg/L","Alc. Bruta > 15 mg/L")))))) -> 5,0 ≤ Alc. Bruta < 7,5 mg/L | BA228: =IF(P228="","",IF(P228<5,"Cor <5 uC",IF(P228<10,"5 ≤ Cor < 10 uC",IF(P228<15,"10 ≤ Cor <15 uC",IF(P228<30,"15 ≤ Cor < 30 uC",IF(P228<50,"30 ≤ Cor < 50 uC","Cor > 50 uC")))))) -> 5 ≤ Cor < 10 uC | BB228: =IF(O228="","",IF(O228<2.5,"Turbidez < 2,5 uT",IF(O228<5,"2,5 ≤ Turb < 5,0 uT",IF(O228<7.5,"5,0 ≤ Turb < 7,5 uT",IF(O228<10,"7,5 ≤ Turb < 10,0 uT",IF(O228<15,"10,0 ≤ Turb < 15,0 uT","Turb > 15 uT")))))) -> Turbidez < 2,5 uT | BC228: =IF(AND(C228>D228,D228>E228),"TOR > SM > BNN",IF(AND(C228>E228,E228>D228),"TOR > BNN > SM",IF(AND(D228>C228,C228>E228),"SM > TOR > BNN",IF(AND(D228>E228,E228>C228),"SM > BNN > TOR",IF(AND(C228=D228,D228=E228),"TOR = SM = BNN","Comb. diferentes"))))) -> SM > TOR > BNN | BD228: =IF(OR(AE228="",AQ228="-"),"",IF(AE228<=0.25,"Tipo 1 (≤0,25) uT",IF(AE228<=0.5,"Tipo 2 (0,25-0,50) uT",IF(AE228<=0.75,"Tipo 3 (0,50-0,75) uT","Tipo 4 (>0,75) uT")))) -> Tipo 1 (≤0,25) uT | BE228: =IF(OR(AP228="",AZ228="-"),"",IF(AP228<=0.25,"Tipo 1 (≤0,25) uT",IF(AP228<=0.5,"Tipo 2 (0,25-0,50) uT",IF(AP228<=0.75,"Tipo 3 (0,50-0,75) uT","Tipo 4 (>0,75) uT")))) -> Tipo 1 (≤0,25) uT | BF228: =IF(OR(AF228="",AQ228="-"),"",IF(AF228<=0.25,"Tipo 1 (≤0,25) uT",IF(AF228<=0.5,"Tipo 2 (0,25-0,50) uT",IF(AF228<=0.75,"Tipo 3 (0,50-0,75) uT","Tipo 4 (>0,75) uT")))) -> Tipo 1 (≤0,25) uT | BG228: =IF(OR(AQ228="",AQ228="-"),"",IF(AQ228<=0.25,"Tipo 1 (≤0,25) uT",IF(AQ228<=0.5,"Tipo 2 (0,25-0,50) uT",IF(AQ228<=0.75,"Tipo 3 (0,50-0,75) uT","Tipo 4 (>0,75) uT")))) -> Tipo 1 (≤0,25) uT | BH228: =IF(OR(R228="",R228="-"),"",IF(R228<=0.25,"Tipo 1 (≤0,25) uT",IF(R228<=0.5,"Tipo 2 (0,25-0,50) uT",IF(R228<=0.75,"Tipo 3 (0,50-0,75) uT","Tipo 4 (>0,75) uT")))) -> Tipo 1 (≤0,25) uT
A229: 46283 | B229: 0.72916667 | C229: 394 | D229: 1605 | E229: 249 | F229: 2284 | G229: N | H229: 9.5 | I229: -21.55 | J229: 90 | K229: 90 | L229: 90 | M229: 26.7 | N229: 6.3 | O229: 1.58 | P229: 13 | Q229: 7.7 | R229: 0.15 | S229: 22.36 | T229: 0.88 | U229: 0.7 | V229: =(O229+0.3*H229+2)*(F229/2/Z229) -> 1835.765 | W229: =S229*(U229*AA229*0.987-T229)*AB229 -> 1525.9998 | X229: =W229/V229 -> 0.83126097 | Y229: 3 | Z229: 4 | AA229: 6 | AB229: 20.9 | AC229: 6 | AD229: 4.9 | AE229: 0.12 | AF229: 0.16 | AG229: =(O229+0.3*H229+2)*(F229/2/AK229) -> 1835.765 | AH229: =S229*(U229*AL229*0.987-T229)*AM229 -> 1779.788 | AI229: =AH229/AG229 -> 0.96950753 | AJ229: 3 | AK229: 4 | AL229: 6.34 | AM229: 22.74 | AN229: 6 | AO229: 5.5 | AP229: 0.6 | AQ229: 0.17 | AR229: =SUM(C229:E229) -> 2248 | AS229: =C229/AR229 -> 0.1752669 | AT229: =D229/AR229 -> 0.71396797 | AU229: =E229/AR229 -> 0.11076512 | AV229: =IF(AND(F229<>"",Z229<>""),AB229/(F229/2/Z229),"") -> 0.073204904 | AW229: =IF(AND(F229<>"",AK229<>""),AM229/(F229/2/AK229),"") -> 0.079649737 | AX229: =IF(AND(AQ229<>"",1-(AQ229/O229)>0),1-(AQ229/O229),"") -> 0.89240506 | AY229: =IF(AND(AF229<>"",1-(AF229/O229)>0),1-(AF229/O229),"") -> 0.89873418 | AZ229: =IF(Q229="","",IF(Q229<2.5,"Alc. Bruta < 2,5 mg/L",IF(Q229<5,"2,5 ≤ Alc. Bruta < 5,0 mg/L",IF(Q229<7.5,"5,0 ≤ Alc. Bruta < 7,5 mg/L",IF(Q229<10,"7,5 ≤ Alc. Bruta < 10,0 mg/L",IF(Q229<15,"10,0 ≤ Alca. Bruta < 15,0 mg/L","Alc. Bruta > 15 mg/L")))))) -> 7,5 ≤ Alc. Bruta < 10,0 mg/L | BA229: =IF(P229="","",IF(P229<5,"Cor <5 uC",IF(P229<10,"5 ≤ Cor < 10 uC",IF(P229<15,"10 ≤ Cor <15 uC",IF(P229<30,"15 ≤ Cor < 30 uC",IF(P229<50,"30 ≤ Cor < 50 uC","Cor > 50 uC")))))) -> 10 ≤ Cor <15 uC | BB229: =IF(O229="","",IF(O229<2.5,"Turbidez < 2,5 uT",IF(O229<5,"2,5 ≤ Turb < 5,0 uT",IF(O229<7.5,"5,0 ≤ Turb < 7,5 uT",IF(O229<10,"7,5 ≤ Turb < 10,0 uT",IF(O229<15,"10,0 ≤ Turb < 15,0 uT","Turb > 15 uT")))))) -> Turbidez < 2,5 uT | BC229: =IF(AND(C229>D229,D229>E229),"TOR > SM > BNN",IF(AND(C229>E229,E229>D229),"TOR > BNN > SM",IF(AND(D229>C229,C229>E229),"SM > TOR > BNN",IF(AND(D229>E229,E229>C229),"SM > BNN > TOR",IF(AND(C229=D229,D229=E229),"TOR = SM = BNN","Comb. diferentes"))))) -> SM > TOR > BNN | BD229: =IF(OR(AE229="",AQ229="-"),"",IF(AE229<=0.25,"Tipo 1 (≤0,25) uT",IF(AE229<=0.5,"Tipo 2 (0,25-0,50) uT",IF(AE229<=0.75,"Tipo 3 (0,50-0,75) uT","Tipo 4 (>0,75) uT")))) -> Tipo 1 (≤0,25) uT | BE229: =IF(OR(AP229="",AZ229="-"),"",IF(AP229<=0.25,"Tipo 1 (≤0,25) uT",IF(AP229<=0.5,"Tipo 2 (0,25-0,50) uT",IF(AP229<=0.75,"Tipo 3 (0,50-0,75) uT","Tipo 4 (>0,75) uT")))) -> Tipo 3 (0,50-0,75) uT | BF229: =IF(OR(AF229="",AQ229="-"),"",IF(AF229<=0.25,"Tipo 1 (≤0,25) uT",IF(AF229<=0.5,"Tipo 2 (0,25-0,50) uT",IF(AF229<=0.75,"Tipo 3 (0,50-0,75) uT","Tipo 4 (>0,75) uT")))) -> Tipo 1 (≤0,25) uT | BG229: =IF(OR(AQ229="",AQ229="-"),"",IF(AQ229<=0.25,"Tipo 1 (≤0,25) uT",IF(AQ229<=0.5,"Tipo 2 (0,25-0,50) uT",IF(AQ229<=0.75,"Tipo 3 (0,50-0,75) uT","Tipo 4 (>0,75) uT")))) -> Tipo 1 (≤0,25) uT | BH229: =IF(OR(R229="",R229="-"),"",IF(R229<=0.25,"Tipo 1 (≤0,25) uT",IF(R229<=0.5,"Tipo 2 (0,25-0,50) uT",IF(R229<=0.75,"Tipo 3 (0,50-0,75) uT","Tipo 4 (>0,75) uT")))) -> Tipo 1 (≤0,25) uT
... A278: 46289 | B278: 0.47916667 | C278: 358 | D278: 1651 | E278: 200 | F278: 2298 | G278: N | H278: 9.2 | I278: -37 | J278: 90 | K278: 90 | L278: 90 | M278: 26.3 | N278: 6.4 | O278: 1.39 | P278: 11 | Q278: 7.3 | R278: 0.1 | S278: 22.36 | T278: 0.88 | U278: 0.7 | V278: =(O278+0.3*H278+2)*(F278/2/Z278) -> 1766.5875 | W278: =S278*(U278*AA278*0.987-T278)*AB278 -> 1598.185 | X278: =W278/V278 -> 0.90467357 | Y278: 3 | Z278: 4 | AA278: 6.2 | AB278: 21 | AC278: 6.1 | AD278: 4.8 | AE278: 0.14 | AF278: 0.14 | AG278: =(O278+0.3*H278+2)*(F278/2/AK278) -> 1766.5875 | AH278: =S278*(U278*AL278*0.987-T278)*AM278 -> 1785.9247 | AI278: =AH278/AG278 -> 1.0109461 | AJ278: 3 | AK278: 4 | AL278: 6.3 | AM278: 23 | AN278: 6.1 | AO278: 5.1 | AP278: 0.24 | AQ278: 0.21 | AR278: =SUM(C278:E278) -> 2209 | AS278: =C278/AR278 -> 0.16206428 | AT278: =D278/AR278 -> 0.74739701 | AU278: =E278/AR278 -> 0.090538705 | AV278: =IF(AND(F278<>"",Z278<>""),AB278/(F278/2/Z278),"") -> 0.07310705 | AW278: =IF(AND(F278<>"",AK278<>""),AM278/(F278/2/AK278),"") -> 0.080069626 | AX278: =IF(AND(AQ278<>"",1-(AQ278/O278)>0),1-(AQ278/O278),"") -> 0.84892086 | AY278: =IF(AND(AF278<>"",1-(AF278/O278)>0),1-(AF278/O278),"") -> 0.89928058 | AZ278: =IF(Q278="","",IF(Q278<2.5,"Alc. Bruta < 2,5 mg/L",IF(Q278<5,"2,5 ≤ Alc. Bruta < 5,0 mg/L",IF(Q278<7.5,"5,0 ≤ Alc. Bruta < 7,5 mg/L",IF(Q278<10,"7,5 ≤ Alc. Bruta < 10,0 mg/L",IF(Q278<15,"10,0 ≤ Alca. Bruta < 15,0 mg/L","Alc. Bruta > 15 mg/L")))))) -> 5,0 ≤ Alc. Bruta < 7,5 mg/L | BA278: =IF(P278="","",IF(P278<5,"Cor <5 uC",IF(P278<10,"5 ≤ Cor < 10 uC",IF(P278<15,"10 ≤ Cor <15 uC",IF(P278<30,"15 ≤ Cor < 30 uC",IF(P278<50,"30 ≤ Cor < 50 uC","Cor > 50 uC")))))) -> 10 ≤ Cor <15 uC | BB278: =IF(O278="","",IF(O278<2.5,"Turbidez < 2,5 uT",IF(O278<5,"2,5 ≤ Turb < 5,0 uT",IF(O278<7.5,"5,0 ≤ Turb < 7,5 uT",IF(O278<10,"7,5 ≤ Turb < 10,0 uT",IF(O278<15,"10,0 ≤ Turb < 15,0 uT","Turb > 15 uT")))))) -> Turbidez < 2,5 uT | BC278: =IF(AND(C278>D278,D278>E278),"TOR > SM > BNN",IF(AND(C278>E278,E278>D278),"TOR > BNN > SM",IF(AND(D278>C278,C278>E278),"SM > TOR > BNN",IF(AND(D278>E278,E278>C278),"SM > BNN > TOR",IF(AND(C278=D278,D278=E278),"TOR = SM = BNN","Comb. diferentes"))))) -> SM > TOR > BNN | BD278: =IF(OR(AE278="",AQ278="-"),"",IF(AE278<=0.25,"Tipo 1 (≤0,25) uT",IF(AE278<=0.5,"Tipo 2 (0,25-0,50) uT",IF(AE278<=0.75,"Tipo 3 (0,50-0,75) uT","Tipo 4 (>0,75) uT")))) -> Tipo 1 (≤0,25) uT | BE278: =IF(OR(AP278="",AZ278="-"),"",IF(AP278<=0.25,"Tipo 1 (≤0,25) uT",IF(AP278<=0.5,"Tipo 2 (0,25-0,50) uT",IF(AP278<=0.75,"Tipo 3 (0,50-0,75) uT","Tipo 4 (>0,75) uT")))) -> Tipo 1 (≤0,25) uT | BF278: =IF(OR(AF278="",AQ278="-"),"",IF(AF278<=0.25,"Tipo 1 (≤0,25) uT",IF(AF278<=0.5,"Tipo 2 (0,25-0,50) uT",IF(AF278<=0.75,"Tipo 3 (0,50-0,75) uT","Tipo 4 (>0,75) uT")))) -> Tipo 1 (≤0,25) uT | BG278: =IF(OR(AQ278="",AQ278="-"),"",IF(AQ278<=0.25,"Tipo 1 (≤0,25) uT",IF(AQ278<=0.5,"Tipo 2 (0,25-0,50) uT",IF(AQ278<=0.75,"Tipo 3 (0,50-0,75) uT","Tipo 4 (>0,75) uT")))) -> Tipo 1 (≤0,25) uT | BH278: =IF(OR(R278="",R278="-"),"",IF(R278<=0.25,"Tipo 1 (≤0,25) uT",IF(R278<=0.5,"Tipo 2 (0,25-0,50) uT",IF(R278<=0.75,"Tipo 3 (0,50-0,75) uT","Tipo 4 (>0,75) uT")))) -> Tipo 1 (≤0,25) uT
A279: 46289 | B279: 0.64583333 | C279: 288 | D279: 1876 | E279: 200 | F279: 2240 | G279: N | H279: 9.2 | I279: -42 | J279: 90 | K279: 90 | L279: 90 | M279: 27.2 | N279: 6.4 | O279: 1.29 | P279: 10 | Q279: 7.5 | R279: 0.103 | S279: 22.36 | T279: 0.88 | U279: 0.7 | V279: =(O279+0.3*H279+2)*(F279/2/Z279) -> 1694 | W279: =S279*(U279*AA279*0.987-T279)*AB279 -> 1491.1839 | X279: =W279/V279 -> 0.88027387 | Z279: 4 | AA279: 6.1 | AB279: 20 | AC279: 6.1 | AD279: 4.8 | AE279: 0.11 | AF279: 0.06 | AG279: =(O279+0.3*H279+2)*(F279/2/AK279) -> 1694 | AH279: =S279*(U279*AL279*0.987-T279)*AM279 -> 1821.4563 | AI279: =AH279/AG279 -> 1.0752399 | AJ279: 3 | AK279: 4 | AL279: 6.4 | AM279: 23 | AN279: 6.1 | AO279: 4.8 | AP279: 0.12 | AQ279: 0.26 | AR279: =SUM(C279:E279) -> 2364 | AS279: =C279/AR279 -> 0.12182741 | AT279: =D279/AR279 -> 0.79357022 | AU279: =E279/AR279 -> 0.084602369 | AV279: =IF(AND(F279<>"",Z279<>""),AB279/(F279/2/Z279),"") -> 0.071428571 | AW279: =IF(AND(F279<>"",AK279<>""),AM279/(F279/2/AK279),"") -> 0.082142857 | AX279: =IF(AND(AQ279<>"",1-(AQ279/O279)>0),1-(AQ279/O279),"") -> 0.79844961 | AY279: =IF(AND(AF279<>"",1-(AF279/O279)>0),1-(AF279/O279),"") -> 0.95348837 | AZ279: =IF(Q279="","",IF(Q279<2.5,"Alc. Bruta < 2,5 mg/L",IF(Q279<5,"2,5 ≤ Alc. Bruta < 5,0 mg/L",IF(Q279<7.5,"5,0 ≤ Alc. Bruta < 7,5 mg/L",IF(Q279<10,"7,5 ≤ Alc. Bruta < 10,0 mg/L",IF(Q279<15,"10,0 ≤ Alca. Bruta < 15,0 mg/L","Alc. Bruta > 15 mg/L")))))) -> 7,5 ≤ Alc. Bruta < 10,0 mg/L | BA279: =IF(P279="","",IF(P279<5,"Cor <5 uC",IF(P279<10,"5 ≤ Cor < 10 uC",IF(P279<15,"10 ≤ Cor <15 uC",IF(P279<30,"15 ≤ Cor < 30 uC",IF(P279<50,"30 ≤ Cor < 50 uC","Cor > 50 uC")))))) -> 10 ≤ Cor <15 uC | BB279: =IF(O279="","",IF(O279<2.5,"Turbidez < 2,5 uT",IF(O279<5,"2,5 ≤ Turb < 5,0 uT",IF(O279<7.5,"5,0 ≤ Turb < 7,5 uT",IF(O279<10,"7,5 ≤ Turb < 10,0 uT",IF(O279<15,"10,0 ≤ Turb < 15,0 uT","Turb > 15 uT")))))) -> Turbidez < 2,5 uT | BC279: =IF(AND(C279>D279,D279>E279),"TOR > SM > BNN",IF(AND(C279>E279,E279>D279),"TOR > BNN > SM",IF(AND(D279>C279,C279>E279),"SM > TOR > BNN",IF(AND(D279>E279,E279>C279),"SM > BNN > TOR",IF(AND(C279=D279,D279=E279),"TOR = SM = BNN","Comb. diferentes"))))) -> SM > TOR > BNN | BD279: =IF(OR(AE279="",AQ279="-"),"",IF(AE279<=0.25,"Tipo 1 (≤0,25) uT",IF(AE279<=0.5,"Tipo 2 (0,25-0,50) uT",IF(AE279<=0.75,"Tipo 3 (0,50-0,75) uT","Tipo 4 (>0,75) uT")))) -> Tipo 1 (≤0,25) uT | BE279: =IF(OR(AP279="",AZ279="-"),"",IF(AP279<=0.25,"Tipo 1 (≤0,25) uT",IF(AP279<=0.5,"Tipo 2 (0,25-0,50) uT",IF(AP279<=0.75,"Tipo 3 (0,50-0,75) uT","Tipo 4 (>0,75) uT")))) -> Tipo 1 (≤0,25) uT | BF279: =IF(OR(AF279="",AQ279="-"),"",IF(AF279<=0.25,"Tipo 1 (≤0,25) uT",IF(AF279<=0.5,"Tipo 2 (0,25-0,50) uT",IF(AF279<=0.75,"Tipo 3 (0,50-0,75) uT","Tipo 4 (>0,75) uT")))) -> Tipo 1 (≤0,25) uT | BG279: =IF(OR(AQ279="",AQ279="-"),"",IF(AQ279<=0.25,"Tipo 1 (≤0,25) uT",IF(AQ279<=0.5,"Tipo 2 (0,25-0,50) uT",IF(AQ279<=0.75,"Tipo 3 (0,50-0,75) uT","Tipo 4 (>0,75) uT")))) -> Tipo 2 (0,25-0,50) uT | BH279: =IF(OR(R279="",R279="-"),"",IF(R279<=0.25,"Tipo 1 (≤0,25) uT",IF(R279<=0.5,"Tipo 2 (0,25-0,50) uT",IF(R279<=0.75,"Tipo 3 (0,50-0,75) uT","Tipo 4 (>0,75) uT")))) -> Tipo 1 (≤0,25) uT
A280: 46289 | B280: 0.72916667 | C280: 292 | D280: 1816 | E280: 199 | F280: 2277 | G280: N | H280: 9.2 | I280: -31 | J280: 90 | K280: 90 | L280: 90 | M280: 26.8 | N280: 6.4 | O280: 1.35 | P280: 10 | Q280: 7.5 | R280: 0.1 | S280: 22.36 | T280: 0.88 | U280: 0.7 | V280: =(O280+0.3*H280+2)*(F280/2/Z280) -> 1739.0587 | W280: =S280*(U280*AA280*0.987-T280)*AB280 -> 1491.1839 | X280: =W280/V280 -> 0.8574661 | Y280: 3 | Z280: 4 | AA280: 6.1 | AB280: 20 | AC280: 6.1 | AD280: 4.7 | AE280: 0.12 | AF280: 0.17 | AG280: =(O280+0.3*H280+2)*(F280/2/AK280) -> 1739.0587 | AH280: =S280*(U280*AL280*0.987-T280)*AM280 -> 1785.9247 | AI280: =AH280/AG280 -> 1.026949 | AJ280: 3 | AK280: 4 | AL280: 6.3 | AM280: 23 | AN280: 6.1 | AO280: 4.9 | AP280: 0.11 | AQ280: 0.21 | AR280: =SUM(C280:E280) -> 2307 | AS280: =C280/AR280 -> 0.1265713 | AT280: =D280/AR280 -> 0.78716948 | AU280: =E280/AR280 -> 0.086259211 | AV280: =IF(AND(F280<>"",Z280<>""),AB280/(F280/2/Z280),"") -> 0.070267896 | AW280: =IF(AND(F280<>"",AK280<>""),AM280/(F280/2/AK280),"") -> 0.080808081 | AX280: =IF(AND(AQ280<>"",1-(AQ280/O280)>0),1-(AQ280/O280),"") -> 0.84444444 | AY280: =IF(AND(AF280<>"",1-(AF280/O280)>0),1-(AF280/O280),"") -> 0.87407407 | AZ280: =IF(Q280="","",IF(Q280<2.5,"Alc. Bruta < 2,5 mg/L",IF(Q280<5,"2,5 ≤ Alc. Bruta < 5,0 mg/L",IF(Q280<7.5,"5,0 ≤ Alc. Bruta < 7,5 mg/L",IF(Q280<10,"7,5 ≤ Alc. Bruta < 10,0 mg/L",IF(Q280<15,"10,0 ≤ Alca. Bruta < 15,0 mg/L","Alc. Bruta > 15 mg/L")))))) -> 7,5 ≤ Alc. Bruta < 10,0 mg/L | BA280: =IF(P280="","",IF(P280<5,"Cor <5 uC",IF(P280<10,"5 ≤ Cor < 10 uC",IF(P280<15,"10 ≤ Cor <15 uC",IF(P280<30,"15 ≤ Cor < 30 uC",IF(P280<50,"30 ≤ Cor < 50 uC","Cor > 50 uC")))))) -> 10 ≤ Cor <15 uC | BB280: =IF(O280="","",IF(O280<2.5,"Turbidez < 2,5 uT",IF(O280<5,"2,5 ≤ Turb < 5,0 uT",IF(O280<7.5,"5,0 ≤ Turb < 7,5 uT",IF(O280<10,"7,5 ≤ Turb < 10,0 uT",IF(O280<15,"10,0 ≤ Turb < 15,0 uT","Turb > 15 uT")))))) -> Turbidez < 2,5 uT | BC280: =IF(AND(C280>D280,D280>E280),"TOR > SM > BNN",IF(AND(C280>E280,E280>D280),"TOR > BNN > SM",IF(AND(D280>C280,C280>E280),"SM > TOR > BNN",IF(AND(D280>E280,E280>C280),"SM > BNN > TOR",IF(AND(C280=D280,D280=E280),"TOR = SM = BNN","Comb. diferentes"))))) -> SM > TOR > BNN | BD280: =IF(OR(AE280="",AQ280="-"),"",IF(AE280<=0.25,"Tipo 1 (≤0,25) uT",IF(AE280<=0.5,"Tipo 2 (0,25-0,50) uT",IF(AE280<=0.75,"Tipo 3 (0,50-0,75) uT","Tipo 4 (>0,75) uT")))) -> Tipo 1 (≤0,25) uT | BE280: =IF(OR(AP280="",AZ280="-"),"",IF(AP280<=0.25,"Tipo 1 (≤0,25) uT",IF(AP280<=0.5,"Tipo 2 (0,25-0,50) uT",IF(AP280<=0.75,"Tipo 3 (0,50-0,75) uT","Tipo 4 (>0,75) uT")))) -> Tipo 1 (≤0,25) uT | BF280: =IF(OR(AF280="",AQ280="-"),"",IF(AF280<=0.25,"Tipo 1 (≤0,25) uT",IF(AF280<=0.5,"Tipo 2 (0,25-0,50) uT",IF(AF280<=0.75,"Tipo 3 (0,50-0,75) uT","Tipo 4 (>0,75) uT")))) -> Tipo 1 (≤0,25) uT | BG280: =IF(OR(AQ280="",AQ280="-"),"",IF(AQ280<=0.25,"Tipo 1 (≤0,25) uT",IF(AQ280<=0.5,"Tipo 2 (0,25-0,50) uT",IF(AQ280<=0.75,"Tipo 3 (0,50-0,75) uT","Tipo 4 (>0,75) uT")))) -> Tipo 1 (≤0,25) uT | BH280: =IF(OR(R280="",R280="-"),"",IF(R280<=0.25,"Tipo 1 (≤0,25) uT",IF(R280<=0.5,"Tipo 2 (0,25-0,50) uT",IF(R280<=0.75,"Tipo 3 (0,50-0,75) uT","Tipo 4 (>0,75) uT")))) -> Tipo 1 (≤0,25) uT
A281: 46289 | B281: 0.8125 | C281: 293 | D281: 1735 | E281: 199 | F281: 2276 | G281: N | H281: 9.2 | I281: -22 | J281: 90 | K281: 90 | L281: 90 | M281: 26 | N281: 6.3 | O281: 1.37 | P281: 11 | Q281: 5.8 | R281: 0.11 | S281: 22.36 | T281: 0.88 | U281: 0.7 | V281: =(O281+0.3*H281+2)*(F281/2/Z281) -> 1743.985 | W281: =S281*(U281*AA281*0.987-T281)*AB281 -> 1565.7431 | X281: =W281/V281 -> 0.89779621 | Y281: 3 | Z281: 4 | AA281: 6.1 | AB281: 21 | AC281: 6 | AD281: 4.7 | AE281: 0.21 | AF281: 0.18 | AG281: =(O281+0.3*H281+2)*(F281/2/AK281) -> 1743.985 | AH281: =S281*(U281*AL281*0.987-T281)*AM281 -> 1821.4563 | AI281: =AH281/AG281 -> 1.044422 | AJ281: 3 | AK281: 4 | AL281: 6.4 | AM281: 23 | AN281: 6.1 | AO281: 5 | AP281: 0.16 | AQ281: 0.21 | AR281: =SUM(C281:E281) -> 2227 | AS281: =C281/AR281 -> 0.13156713 | AT281: =D281/AR281 -> 0.77907499 | AU281: =E281/AR281 -> 0.089357881 | AV281: =IF(AND(F281<>"",Z281<>""),AB281/(F281/2/Z281),"") -> 0.073813708 | AW281: =IF(AND(F281<>"",AK281<>""),AM281/(F281/2/AK281),"") -> 0.080843585 | AX281: =IF(AND(AQ281<>"",1-(AQ281/O281)>0),1-(AQ281/O281),"") -> 0.84671533 | AY281: =IF(AND(AF281<>"",1-(AF281/O281)>0),1-(AF281/O281),"") -> 0.86861314 | AZ281: =IF(Q281="","",IF(Q281<2.5,"Alc. Bruta < 2,5 mg/L",IF(Q281<5,"2,5 ≤ Alc. Bruta < 5,0 mg/L",IF(Q281<7.5,"5,0 ≤ Alc. Bruta < 7,5 mg/L",IF(Q281<10,"7,5 ≤ Alc. Bruta < 10,0 mg/L",IF(Q281<15,"10,0 ≤ Alca. Bruta < 15,0 mg/L","Alc. Bruta > 15 mg/L")))))) -> 5,0 ≤ Alc. Bruta < 7,5 mg/L | BA281: =IF(P281="","",IF(P281<5,"Cor <5 uC",IF(P281<10,"5 ≤ Cor < 10 uC",IF(P281<15,"10 ≤ Cor <15 uC",IF(P281<30,"15 ≤ Cor < 30 uC",IF(P281<50,"30 ≤ Cor < 50 uC","Cor > 50 uC")))))) -> 10 ≤ Cor <15 uC | BB281: =IF(O281="","",IF(O281<2.5,"Turbidez < 2,5 uT",IF(O281<5,"2,5 ≤ Turb < 5,0 uT",IF(O281<7.5,"5,0 ≤ Turb < 7,5 uT",IF(O281<10,"7,5 ≤ Turb < 10,0 uT",IF(O281<15,"10,0 ≤ Turb < 15,0 uT","Turb > 15 uT")))))) -> Turbidez < 2,5 uT | BC281: =IF(AND(C281>D281,D281>E281),"TOR > SM > BNN",IF(AND(C281>E281,E281>D281),"TOR > BNN > SM",IF(AND(D281>C281,C281>E281),"SM > TOR > BNN",IF(AND(D281>E281,E281>C281),"SM > BNN > TOR",IF(AND(C281=D281,D281=E281),"TOR = SM = BNN","Comb. diferentes"))))) -> SM > TOR > BNN | BD281: =IF(OR(AE281="",AQ281="-"),"",IF(AE281<=0.25,"Tipo 1 (≤0,25) uT",IF(AE281<=0.5,"Tipo 2 (0,25-0,50) uT",IF(AE281<=0.75,"Tipo 3 (0,50-0,75) uT","Tipo 4 (>0,75) uT")))) -> Tipo 1 (≤0,25) uT | BE281: =IF(OR(AP281="",AZ281="-"),"",IF(AP281<=0.25,"Tipo 1 (≤0,25) uT",IF(AP281<=0.5,"Tipo 2 (0,25-0,50) uT",IF(AP281<=0.75,"Tipo 3 (0,50-0,75) uT","Tipo 4 (>0,75) uT")))) -> Tipo 1 (≤0,25) uT | BF281: =IF(OR(AF281="",AQ281="-"),"",IF(AF281<=0.25,"Tipo 1 (≤0,25) uT",IF(AF281<=0.5,"Tipo 2 (0,25-0,50) uT",IF(AF281<=0.75,"Tipo 3 (0,50-0,75) uT","Tipo 4 (>0,75) uT")))) -> Tipo 1 (≤0,25) uT | BG281: =IF(OR(AQ281="",AQ281="-"),"",IF(AQ281<=0.25,"Tipo 1 (≤0,25) uT",IF(AQ281<=0.5,"Tipo 2 (0,25-0,50) uT",IF(AQ281<=0.75,"Tipo 3 (0,50-0,75) uT","Tipo 4 (>0,75) uT")))) -> Tipo 1 (≤0,25) uT | BH281: =IF(OR(R281="",R281="-"),"",IF(R281<=0.25,"Tipo 1 (≤0,25) uT",IF(R281<=0.5,"Tipo 2 (0,25-0,50) uT",IF(R281<=0.75,"Tipo 3 (0,50-0,75) uT","Tipo 4 (>0,75) uT")))) -> Tipo 1 (≤0,25) uT
